,datetime,season,holiday,workingday,weather,temp,atemp,humidity,windspeed,casual,registered,count
0,2011-01-01 00:00:00,1,0,0,1,9.84,14.395,81,0.0,3,13,16
1,2011-01-01 01:00:00,1,0,0,1,9.02,13.635,80,0.0,8,32,40
2,2011-01-01 02:00:00,1,0,0,1,9.02,13.635,80,0.0,5,27,32
3,2011-01-01 03:00:00,1,0,0,1,9.84,14.395,75,0.0,3,10,13
4,2011-01-01 04:00:00,1,0,0,1,9.84,14.395,75,0.0,0,1,1
5,2011-01-01 05:00:00,1,0,0,2,9.84,12.88,75,6.0032,0,1,1
6,2011-01-01 06:00:00,1,0,0,1,9.02,13.635,80,0.0,2,0,2
7,2011-01-01 07:00:00,1,0,0,1,8.2,12.88,86,0.0,1,2,3
8,2011-01-01 08:00:00,1,0,0,1,9.84,14.395,75,0.0,1,7,8
9,2011-01-01 09:00:00,1,0,0,1,13.12,17.425,76,0.0,8,6,14
10,2011-01-01 10:00:00,1,0,0,1,15.58,19.695,76,16.9979,12,24,36
11,2011-01-01 11:00:00,1,0,0,1,14.76,16.665,81,19.0012,26,30,56
12,2011-01-01 12:00:00,1,0,0,1,17.22,21.21,77,19.0012,29,55,84
13,2011-01-01 13:00:00,1,0,0,2,18.86,22.725,72,19.9995,47,47,94
14,2011-01-01 14:00:00,1,0,0,2,18.86,22.725,72,19.0012,35,71,106
15,2011-01-01 15:00:00,1,0,0,2,18.04,21.97,77,19.9995,40,70,110
16,2011-01-01 16:00:00,1,0,0,2,17.22,21.21,82,19.9995,41,52,93
17,2011-01-01 17:00:00,1,0,0,2,18.04,21.97,82,19.0012,15,52,67
18,2011-01-01 18:00:00,1,0,0,3,17.22,21.21,88,16.9979,9,26,35
19,2011-01-01 19:00:00,1,0,0,3,17.22,21.21,88,16.9979,6,31,37
20,2011-01-01 20:00:00,1,0,0,2,16.4,20.455,87,16.9979,11,25,36
21,2011-01-01 21:00:00,1,0,0,2,16.4,20.455,87,12.998,3,31,34
22,2011-01-01 22:00:00,1,0,0,2,16.4,20.455,94,15.0013,11,17,28
23,2011-01-01 23:00:00,1,0,0,2,18.86,22.725,88,19.9995,15,24,39
24,2011-01-02 00:00:00,1,0,0,2,18.86,22.725,88,19.9995,4,13,17
25,2011-01-02 01:00:00,1,0,0,2,18.04,21.97,94,16.9979,1,16,17
26,2011-01-02 02:00:00,1,0,0,2,17.22,21.21,100,19.0012,1,8,9
27,2011-01-02 03:00:00,1,0,0,2,18.86,22.725,94,12.998,2,4,6
28,2011-01-02 04:00:00,1,0,0,2,18.86,22.725,94,12.998,2,1,3
29,2011-01-02 06:00:00,1,0,0,3,17.22,21.21,77,19.9995,0,2,2
30,2011-01-02 07:00:00,1,0,0,2,16.4,20.455,76,12.998,0,1,1
31,2011-01-02 08:00:00,1,0,0,3,16.4,20.455,71,15.0013,0,8,8
32,2011-01-02 09:00:00,1,0,0,2,15.58,19.695,76,15.0013,1,19,20
33,2011-01-02 10:00:00,1,0,0,2,14.76,17.425,81,15.0013,7,46,53
34,2011-01-02 11:00:00,1,0,0,2,14.76,16.665,71,16.9979,16,54,70
35,2011-01-02 12:00:00,1,0,0,2,14.76,16.665,66,19.9995,20,73,93
36,2011-01-02 13:00:00,1,0,0,2,14.76,17.425,66,8.9981,11,64,75
37,2011-01-02 14:00:00,1,0,0,3,14.76,17.425,76,12.998,4,55,59
38,2011-01-02 15:00:00,1,0,0,3,13.94,16.665,81,11.0014,19,55,74
39,2011-01-02 16:00:00,1,0,0,3,13.94,16.665,71,11.0014,9,67,76
40,2011-01-02 17:00:00,1,0,0,1,13.94,16.665,57,12.998,7,58,65
41,2011-01-02 18:00:00,1,0,0,2,14.76,16.665,46,22.0028,10,43,53
42,2011-01-02 19:00:00,1,0,0,1,13.12,14.395,42,30.0026,1,29,30
43,2011-01-02 20:00:00,1,0,0,1,12.3,13.635,39,23.9994,5,17,22
44,2011-01-02 21:00:00,1,0,0,1,10.66,11.365,44,22.0028,11,20,31
45,2011-01-02 22:00:00,1,0,0,1,9.84,10.605,44,19.9995,0,9,9
46,2011-01-02 23:00:00,1,0,0,1,9.02,11.365,47,11.0014,0,8,8
47,2011-01-03 00:00:00,1,0,1,1,9.02,9.85,44,23.9994,0,5,5
48,2011-01-03 01:00:00,1,0,1,1,8.2,8.335,44,27.9993,0,2,2
49,2011-01-03 04:00:00,1,0,1,1,6.56,6.82,47,26.0027,0,1,1
50,2011-01-03 05:00:00,1,0,1,1,6.56,6.82,47,19.0012,0,3,3
51,2011-01-03 06:00:00,1,0,1,1,5.74,5.305,50,26.0027,0,30,30
52,2011-01-03 07:00:00,1,0,1,1,5.74,6.82,50,12.998,1,63,64
53,2011-01-03 08:00:00,1,0,1,1,5.74,6.06,50,19.0012,1,153,154
54,2011-01-03 09:00:00,1,0,1,1,6.56,6.82,43,26.0027,7,81,88
55,2011-01-03 10:00:00,1,0,1,1,7.38,8.335,43,16.9979,11,33,44
56,2011-01-03 11:00:00,1,0,1,1,8.2,9.09,40,22.0028,10,41,51
57,2011-01-03 12:00:00,1,0,1,1,9.02,10.605,35,19.9995,13,48,61
58,2011-01-03 13:00:00,1,0,1,1,9.84,10.605,35,19.0012,8,53,61
59,2011-01-03 14:00:00,1,0,1,1,10.66,12.12,30,19.0012,11,66,77
60,2011-01-03 15:00:00,1,0,1,1,10.66,12.12,30,16.9979,14,58,72
61,2011-01-03 16:00:00,1,0,1,1,10.66,12.12,30,16.9979,9,67,76
62,2011-01-03 17:00:00,1,0,1,1,9.84,11.365,30,15.0013,11,146,157
63,2011-01-03 18:00:00,1,0,1,1,9.84,12.88,32,7.0015,9,148,157
64,2011-01-03 19:00:00,1,0,1,1,8.2,12.88,47,0.0,8,102,110
65,2011-01-03 20:00:00,1,0,1,1,8.2,11.365,47,7.0015,3,49,52
66,2011-01-03 21:00:00,1,0,1,1,7.38,9.85,64,8.9981,3,49,52
67,2011-01-03 22:00:00,1,0,1,1,5.74,7.575,69,8.9981,0,20,20
68,2011-01-03 23:00:00,1,0,1,1,7.38,10.605,55,7.0015,1,11,12
69,2011-01-04 00:00:00,1,0,1,1,6.56,9.09,55,7.0015,0,5,5
70,2011-01-04 01:00:00,1,0,1,1,6.56,9.09,59,7.0015,0,2,2
71,2011-01-04 02:00:00,1,0,1,1,5.74,7.575,63,8.9981,0,1,1
72,2011-01-04 04:00:00,1,0,1,1,5.74,9.09,63,6.0032,0,2,2
73,2011-01-04 05:00:00,1,0,1,1,4.92,7.575,68,7.0015,0,4,4
74,2011-01-04 06:00:00,1,0,1,1,4.92,7.575,74,7.0015,0,36,36
75,2011-01-04 07:00:00,1,0,1,1,4.92,7.575,74,8.9981,2,92,94
76,2011-01-04 08:00:00,1,0,1,1,5.74,7.575,69,11.0014,2,177,179
77,2011-01-04 09:00:00,1,0,1,1,6.56,7.575,64,15.0013,2,98,100
78,2011-01-04 10:00:00,1,0,1,2,6.56,6.82,69,22.0028,5,37,42
79,2011-01-04 11:00:00,1,0,1,1,9.02,10.605,51,19.9995,7,50,57
80,2011-01-04 12:00:00,1,0,1,1,9.02,11.365,51,11.0014,12,66,78
81,2011-01-04 13:00:00,1,0,1,1,9.84,11.365,56,12.998,18,79,97
82,2011-01-04 14:00:00,1,0,1,1,10.66,12.88,52,15.0013,9,54,63
83,2011-01-04 15:00:00,1,0,1,1,11.48,13.635,52,16.9979,17,48,65
84,2011-01-04 16:00:00,1,0,1,1,12.3,14.395,49,16.9979,15,68,83
85,2011-01-04 17:00:00,1,0,1,1,11.48,13.635,48,15.0013,10,202,212
86,2011-01-04 18:00:00,1,0,1,1,10.66,12.88,48,12.998,3,179,182
87,2011-01-04 19:00:00,1,0,1,1,9.84,12.88,48,7.0015,2,110,112
88,2011-01-04 20:00:00,1,0,1,1,9.84,12.88,48,7.0015,1,53,54
89,2011-01-04 21:00:00,1,0,1,1,9.02,13.635,64,0.0,0,48,48
90,2011-01-04 22:00:00,1,0,1,1,9.02,12.88,64,6.0032,1,34,35
91,2011-01-04 23:00:00,1,0,1,1,8.2,11.365,69,6.0032,2,9,11
92,2011-01-05 00:00:00,1,0,1,1,8.2,12.88,64,0.0,0,6,6
93,2011-01-05 01:00:00,1,0,1,1,6.56,9.85,74,6.0032,0,6,6
94,2011-01-05 02:00:00,1,0,1,1,6.56,9.85,74,6.0032,0,2,2
95,2011-01-05 04:00:00,1,0,1,1,9.84,11.365,48,15.0013,0,2,2
96,2011-01-05 05:00:00,1,0,1,1,9.02,11.365,47,11.0014,0,3,3
97,2011-01-05 06:00:00,1,0,1,1,8.2,9.85,47,15.0013,0,33,33
98,2011-01-05 07:00:00,1,0,1,1,7.38,9.09,43,12.998,1,87,88
99,2011-01-05 08:00:00,1,0,1,1,8.2,9.09,40,19.9995,3,192,195
100,2011-01-05 09:00:00,1,0,1,1,9.02,9.85,37,22.0028,6,109,115
101,2011-01-05 10:00:00,1,0,1,1,9.02,9.85,37,22.0028,4,53,57
102,2011-01-05 11:00:00,1,0,1,1,10.66,11.365,33,22.0028,12,34,46
103,2011-01-05 12:00:00,1,0,1,1,10.66,11.365,33,22.0028,5,74,79
104,2011-01-05 13:00:00,1,0,1,1,11.48,12.88,30,19.9995,6,65,71
105,2011-01-05 14:00:00,1,0,1,1,12.3,14.395,28,12.998,10,52,62
106,2011-01-05 15:00:00,1,0,1,1,12.3,14.395,28,12.998,7,55,62
107,2011-01-05 16:00:00,1,0,1,1,12.3,15.91,28,6.0032,4,85,89
108,2011-01-05 17:00:00,1,0,1,1,9.84,11.365,38,12.998,4,186,190
109,2011-01-05 18:00:00,1,0,1,1,9.84,12.12,38,8.9981,3,166,169
110,2011-01-05 19:00:00,1,0,1,1,9.84,12.88,38,7.0015,5,127,132
111,2011-01-05 20:00:00,1,0,1,1,9.02,11.365,47,11.0014,7,82,89
112,2011-01-05 21:00:00,1,0,1,1,8.2,9.85,51,12.998,3,40,43
113,2011-01-05 22:00:00,1,0,1,1,7.38,9.85,55,8.9981,1,41,42
114,2011-01-05 23:00:00,1,0,1,1,8.2,12.88,47,0.0,1,18,19
115,2011-01-06 00:00:00,1,0,1,1,7.38,12.12,55,0.0,0,11,11
116,2011-01-06 01:00:00,1,0,1,1,6.56,11.365,64,0.0,0,4,4
117,2011-01-06 02:00:00,1,0,1,1,6.56,11.365,64,0.0,0,2,2
118,2011-01-06 04:00:00,1,0,1,2,6.56,9.85,64,6.0032,0,1,1
119,2011-01-06 05:00:00,1,0,1,2,5.74,9.09,69,6.0032,0,4,4
120,2011-01-06 06:00:00,1,0,1,2,5.74,8.335,63,7.0015,0,36,36
121,2011-01-06 07:00:00,1,0,1,2,6.56,11.365,59,0.0,0,95,95
122,2011-01-06 08:00:00,1,0,1,1,6.56,11.365,59,0.0,3,216,219
123,2011-01-06 09:00:00,1,0,1,2,7.38,12.12,51,0.0,6,116,122
124,2011-01-06 10:00:00,1,0,1,1,8.2,12.88,47,0.0,3,42,45
125,2011-01-06 11:00:00,1,0,1,1,9.02,12.88,44,6.0032,2,57,59
126,2011-01-06 12:00:00,1,0,1,1,10.66,14.395,35,0.0,6,78,84
127,2011-01-06 13:00:00,1,0,1,1,10.66,13.635,35,7.0015,12,55,67
128,2011-01-06 14:00:00,1,0,1,1,11.48,13.635,36,11.0014,11,59,70
129,2011-01-06 15:00:00,1,0,1,1,11.48,13.635,36,0.0,8,54,62
130,2011-01-06 16:00:00,1,0,1,1,10.66,12.88,38,11.0014,12,74,86
131,2011-01-06 17:00:00,1,0,1,1,9.02,11.365,51,11.0014,9,163,172
132,2011-01-06 18:00:00,1,0,1,1,9.02,11.365,51,8.9981,5,158,163
133,2011-01-06 19:00:00,1,0,1,1,9.02,12.88,55,6.0032,3,109,112
134,2011-01-06 20:00:00,1,0,1,1,8.2,10.605,51,11.0014,3,66,69
135,2011-01-06 21:00:00,1,0,1,2,9.02,10.605,55,15.0013,0,48,48
136,2011-01-06 22:00:00,1,0,1,2,9.02,10.605,51,19.0012,1,51,52
137,2011-01-06 23:00:00,1,0,1,2,8.2,9.85,59,12.998,4,19,23
138,2011-01-07 00:00:00,1,0,1,2,8.2,9.85,64,12.998,4,13,17
139,2011-01-07 01:00:00,1,0,1,2,8.2,9.85,69,15.0013,2,5,7
140,2011-01-07 02:00:00,1,0,1,2,8.2,9.85,69,15.0013,0,1,1
141,2011-01-07 04:00:00,1,0,1,2,8.2,10.605,69,8.9981,0,1,1
142,2011-01-07 05:00:00,1,0,1,3,9.02,13.635,55,0.0,0,5,5
143,2011-01-07 06:00:00,1,0,1,2,8.2,12.88,69,0.0,8,26,34
144,2011-01-07 07:00:00,1,0,1,1,8.2,10.605,69,8.9981,8,76,84
145,2011-01-07 08:00:00,1,0,1,1,8.2,9.85,51,16.9979,20,190,210
146,2011-01-07 09:00:00,1,0,1,1,8.2,9.09,47,19.9995,9,125,134
147,2011-01-07 10:00:00,1,0,1,1,9.02,9.85,37,22.0028,16,47,63
148,2011-01-07 11:00:00,1,0,1,2,8.2,9.85,40,15.0013,19,48,67
149,2011-01-07 12:00:00,1,0,1,2,8.2,9.85,37,16.9979,9,50,59
150,2011-01-07 13:00:00,1,0,1,2,8.2,9.09,37,19.0012,9,64,73
151,2011-01-07 14:00:00,1,0,1,2,8.2,9.85,40,16.9979,7,43,50
152,2011-01-07 15:00:00,1,0,1,2,8.2,10.605,37,11.0014,9,63,72
153,2011-01-07 16:00:00,1,0,1,2,8.2,10.605,37,11.0014,5,82,87
154,2011-01-07 17:00:00,1,0,1,2,8.2,12.88,37,0.0,9,178,187
155,2011-01-07 18:00:00,1,0,1,1,8.2,11.365,40,6.0032,7,116,123
156,2011-01-07 19:00:00,1,0,1,1,6.56,9.85,55,6.0032,3,92,95
157,2011-01-07 20:00:00,1,0,1,1,7.38,10.605,47,7.0015,1,50,51
158,2011-01-07 21:00:00,1,0,1,1,7.38,9.85,47,8.9981,0,39,39
159,2011-01-07 22:00:00,1,0,1,2,7.38,9.85,43,11.0014,2,34,36
160,2011-01-07 23:00:00,1,0,1,2,7.38,9.85,51,11.0014,1,14,15
161,2011-01-08 00:00:00,1,0,0,2,7.38,9.85,51,11.0014,1,24,25
162,2011-01-08 01:00:00,1,0,0,2,7.38,10.605,55,6.0032,1,15,16
163,2011-01-08 02:00:00,1,0,0,2,7.38,12.12,55,0.0,3,13,16
164,2011-01-08 03:00:00,1,0,0,3,7.38,9.85,55,11.0014,0,7,7
165,2011-01-08 04:00:00,1,0,0,3,7.38,9.85,55,11.0014,0,1,1
166,2011-01-08 05:00:00,1,0,0,2,6.56,8.335,74,11.0014,0,5,5
167,2011-01-08 06:00:00,1,0,0,2,6.56,8.335,74,11.0014,0,2,2
168,2011-01-08 07:00:00,1,0,0,2,6.56,9.09,74,7.0015,1,8,9
169,2011-01-08 08:00:00,1,0,0,3,6.56,9.09,93,7.0015,0,15,15
170,2011-01-08 09:00:00,1,0,0,3,6.56,9.09,93,7.0015,0,20,20
171,2011-01-08 10:00:00,1,0,0,2,7.38,9.85,80,11.0014,5,56,61
172,2011-01-08 11:00:00,1,0,0,2,8.2,9.09,69,26.0027,2,60,62
173,2011-01-08 12:00:00,1,0,0,2,8.2,9.09,59,23.9994,8,90,98
174,2011-01-08 13:00:00,1,0,0,1,8.2,9.09,44,22.0028,7,95,102
175,2011-01-08 14:00:00,1,0,0,1,8.2,8.335,32,32.9975,12,83,95
176,2011-01-08 15:00:00,1,0,0,1,8.2,8.335,32,30.0026,5,69,74
177,2011-01-08 16:00:00,1,0,0,1,7.38,6.82,29,30.0026,8,68,76
178,2011-01-08 17:00:00,1,0,0,1,6.56,6.06,37,36.9974,5,64,69
179,2011-01-08 18:00:00,1,0,0,1,5.74,6.06,39,19.9995,3,52,55
180,2011-01-08 19:00:00,1,0,0,1,5.74,6.06,36,16.9979,4,26,30
181,2011-01-08 20:00:00,1,0,0,1,4.92,6.06,36,16.9979,0,28,28
182,2011-01-08 21:00:00,1,0,0,1,4.92,5.305,39,23.9994,2,35,37
183,2011-01-08 22:00:00,1,0,0,1,4.92,5.305,36,26.0027,1,33,34
184,2011-01-08 23:00:00,1,0,0,1,4.1,3.03,39,30.0026,0,22,22
185,2011-01-09 00:00:00,1,0,0,1,4.1,3.79,42,26.0027,1,24,25
186,2011-01-09 01:00:00,1,0,0,1,4.1,3.03,42,31.0009,0,12,12
187,2011-01-09 02:00:00,1,0,0,1,4.1,3.03,46,31.0009,0,11,11
188,2011-01-09 03:00:00,1,0,0,1,4.1,3.79,46,27.9993,0,4,4
189,2011-01-09 04:00:00,1,0,0,1,3.28,4.545,53,12.998,0,1,1
190,2011-01-09 05:00:00,1,0,0,1,3.28,4.545,53,12.998,0,1,1
191,2011-01-09 06:00:00,1,0,0,1,4.1,4.545,49,19.0012,0,1,1
192,2011-01-09 07:00:00,1,0,0,1,3.28,4.545,53,12.998,1,5,6
193,2011-01-09 08:00:00,1,0,0,1,4.1,4.545,49,19.0012,0,10,10
194,2011-01-09 09:00:00,1,0,0,1,4.92,3.79,46,35.0008,0,19,19
195,2011-01-09 10:00:00,1,0,0,1,5.74,5.305,43,26.0027,0,49,49
196,2011-01-09 11:00:00,1,0,0,1,6.56,6.06,40,35.0008,2,47,49
197,2011-01-09 12:00:00,1,0,0,1,7.38,6.82,37,30.0026,4,79,83
198,2011-01-09 13:00:00,1,0,0,1,8.2,8.335,34,30.0026,6,69,75
199,2011-01-09 14:00:00,1,0,0,1,9.02,9.09,32,31.0009,8,64,72
200,2011-01-09 15:00:00,1,0,0,1,9.02,9.85,35,23.9994,5,77,82
201,2011-01-09 16:00:00,1,0,0,1,8.2,8.335,34,30.0026,13,79,92
202,2011-01-09 17:00:00,1,0,0,1,7.38,7.575,37,26.0027,3,59,62
203,2011-01-09 18:00:00,1,0,0,1,6.56,6.82,40,22.0028,4,44,48
204,2011-01-09 19:00:00,1,0,0,1,6.56,6.82,43,22.0028,1,40,41
205,2011-01-09 20:00:00,1,0,0,1,5.74,6.06,46,16.9979,0,38,38
206,2011-01-09 21:00:00,1,0,0,1,5.74,5.305,46,27.9993,1,19,20
207,2011-01-09 22:00:00,1,0,0,1,5.74,6.06,46,19.9995,5,10,15
208,2011-01-09 23:00:00,1,0,0,1,4.92,6.82,50,12.998,0,6,6
209,2011-01-10 00:00:00,1,0,1,1,4.92,6.06,50,19.0012,2,3,5
210,2011-01-10 01:00:00,1,0,1,1,4.92,6.06,50,19.0012,1,0,1
211,2011-01-10 02:00:00,1,0,1,1,4.92,6.06,50,15.0013,0,3,3
212,2011-01-10 03:00:00,1,0,1,1,4.92,6.06,50,15.0013,0,1,1
213,2011-01-10 04:00:00,1,0,1,1,4.1,6.06,54,8.9981,1,2,3
214,2011-01-10 05:00:00,1,0,1,1,4.1,5.305,54,16.9979,0,3,3
215,2011-01-10 06:00:00,1,0,1,1,4.92,6.06,50,19.0012,0,31,31
216,2011-01-10 07:00:00,1,0,1,1,4.92,6.06,50,15.0013,2,75,77
217,2011-01-10 08:00:00,1,0,1,2,4.92,6.06,50,19.0012,4,184,188
218,2011-01-10 09:00:00,1,0,1,2,5.74,6.06,50,16.9979,2,92,94
219,2011-01-10 10:00:00,1,0,1,2,5.74,6.06,50,19.9995,0,31,31
220,2011-01-10 11:00:00,1,0,1,2,6.56,6.82,47,19.0012,2,28,30
221,2011-01-10 12:00:00,1,0,1,2,8.2,9.09,40,19.0012,5,47,52
222,2011-01-10 13:00:00,1,0,1,2,8.2,9.09,40,19.0012,4,50,54
223,2011-01-10 14:00:00,1,0,1,2,8.2,9.85,40,15.0013,0,47,47
224,2011-01-10 15:00:00,1,0,1,2,8.2,9.85,40,15.0013,2,43,45
225,2011-01-10 16:00:00,1,0,1,1,8.2,10.605,40,8.9981,4,70,74
226,2011-01-10 17:00:00,1,0,1,1,8.2,11.365,40,7.0015,4,174,178
227,2011-01-10 18:00:00,1,0,1,1,8.2,9.85,40,15.0013,1,154,155
228,2011-01-10 19:00:00,1,0,1,1,6.56,8.335,47,11.0014,3,92,95
229,2011-01-10 20:00:00,1,0,1,1,6.56,8.335,50,11.0014,1,73,74
230,2011-01-10 21:00:00,1,0,1,1,5.74,6.82,59,12.998,1,37,38
231,2011-01-10 22:00:00,1,0,1,1,5.74,7.575,59,11.0014,2,22,24
232,2011-01-10 23:00:00,1,0,1,1,5.74,7.575,59,11.0014,0,18,18
233,2011-01-11 00:00:00,1,0,1,1,5.74,8.335,59,7.0015,2,10,12
234,2011-01-11 01:00:00,1,0,1,1,5.74,7.575,59,11.0014,0,3,3
235,2011-01-11 02:00:00,1,0,1,2,6.56,7.575,55,12.998,0,3,3
236,2011-01-11 05:00:00,1,0,1,2,6.56,9.09,55,8.9981,0,6,6
237,2011-01-11 06:00:00,1,0,1,2,6.56,9.09,55,8.9981,0,27,27
238,2011-01-11 07:00:00,1,0,1,2,6.56,11.365,55,0.0,2,97,99
239,2011-01-11 08:00:00,1,0,1,2,7.38,10.605,51,6.0032,3,214,217
240,2011-01-11 09:00:00,1,0,1,2,7.38,9.85,51,11.0014,3,127,130
241,2011-01-11 10:00:00,1,0,1,2,8.2,10.605,51,11.0014,3,51,54
242,2011-01-11 11:00:00,1,0,1,2,8.2,10.605,47,8.9981,4,31,35
243,2011-01-11 12:00:00,1,0,1,2,8.2,11.365,51,7.0015,2,55,57
244,2011-01-11 13:00:00,1,0,1,2,8.2,11.365,59,6.0032,6,46,52
245,2011-01-11 14:00:00,1,0,1,2,8.2,11.365,59,6.0032,3,60,63
246,2011-01-11 15:00:00,1,0,1,2,6.56,9.85,80,6.0032,2,45,47
247,2011-01-11 16:00:00,1,0,1,2,6.56,7.575,86,15.0013,4,72,76
248,2011-01-11 17:00:00,1,0,1,2,6.56,7.575,86,15.0013,6,130,136
249,2011-01-11 18:00:00,1,0,1,3,6.56,9.09,93,7.0015,1,94,95
250,2011-01-11 19:00:00,1,0,1,3,6.56,11.365,93,0.0,0,51,51
251,2011-01-11 20:00:00,1,0,1,3,6.56,7.575,93,12.998,0,32,32
252,2011-01-11 21:00:00,1,0,1,3,6.56,9.85,86,6.0032,0,20,20
253,2011-01-11 22:00:00,1,0,1,3,6.56,9.09,93,7.0015,1,28,29
254,2011-01-11 23:00:00,1,0,1,3,6.56,9.85,93,6.0032,1,18,19
255,2011-01-12 00:00:00,1,0,1,2,6.56,9.85,86,6.0032,0,7,7
256,2011-01-12 01:00:00,1,0,1,2,6.56,9.09,86,7.0015,0,6,6
257,2011-01-12 02:00:00,1,0,1,1,5.74,7.575,86,8.9981,0,1,1
258,2011-01-12 05:00:00,1,0,1,1,5.74,7.575,86,11.0014,0,5,5
259,2011-01-12 06:00:00,1,0,1,1,4.92,7.575,93,8.9981,0,16,16
260,2011-01-12 07:00:00,1,0,1,1,5.74,7.575,69,8.9981,0,54,54
261,2011-01-12 08:00:00,1,0,1,1,6.56,8.335,59,11.0014,3,125,128
262,2011-01-12 09:00:00,1,0,1,1,6.56,6.82,59,22.0028,3,78,81
263,2011-01-12 10:00:00,1,0,1,1,7.38,9.09,55,15.0013,0,39,39
264,2011-01-12 11:00:00,1,0,1,1,8.2,9.09,51,26.0027,3,32,35
265,2011-01-12 12:00:00,1,0,1,1,8.2,7.575,47,39.0007,3,52,55
266,2011-01-12 13:00:00,1,0,1,1,9.02,9.85,44,23.9994,0,49,49
267,2011-01-12 14:00:00,1,0,1,1,8.2,9.09,47,22.0028,0,44,44
268,2011-01-12 15:00:00,1,0,1,1,8.2,8.335,47,27.9993,1,48,49
269,2011-01-12 16:00:00,1,0,1,1,9.02,9.85,44,22.0028,5,63,68
270,2011-01-12 17:00:00,1,0,1,1,8.2,9.09,47,23.9994,0,139,139
271,2011-01-12 18:00:00,1,0,1,1,8.2,7.575,47,35.0008,2,135,137
272,2011-01-12 19:00:00,1,0,1,1,7.38,7.575,47,27.9993,1,82,83
273,2011-01-12 20:00:00,1,0,1,1,6.56,6.82,50,22.0028,2,54,56
274,2011-01-12 21:00:00,1,0,1,1,6.56,6.82,55,22.0028,0,57,57
275,2011-01-12 22:00:00,1,0,1,1,6.56,6.06,55,30.0026,1,32,33
276,2011-01-12 23:00:00,1,0,1,1,5.74,5.305,59,27.9993,1,19,20
277,2011-01-13 00:00:00,1,0,1,1,5.74,6.06,59,19.0012,1,6,7
278,2011-01-13 01:00:00,1,0,1,1,5.74,6.06,50,19.0012,0,2,2
279,2011-01-13 02:00:00,1,0,1,1,5.74,6.06,50,23.9994,0,2,2
280,2011-01-13 03:00:00,1,0,1,1,5.74,6.06,50,22.0028,0,3,3
281,2011-01-13 04:00:00,1,0,1,1,5.74,6.06,50,16.9979,0,4,4
282,2011-01-13 05:00:00,1,0,1,1,5.74,6.06,50,19.9995,0,3,3
283,2011-01-13 06:00:00,1,0,1,1,4.92,7.575,54,8.9981,0,28,28
284,2011-01-13 07:00:00,1,0,1,1,4.92,7.575,54,8.9981,0,72,72
285,2011-01-13 08:00:00,1,0,1,1,5.74,6.82,50,12.998,5,197,202
286,2011-01-13 09:00:00,1,0,1,1,5.74,6.06,50,22.0028,2,137,139
287,2011-01-13 10:00:00,1,0,1,2,6.56,6.82,50,23.9994,2,36,38
288,2011-01-13 11:00:00,1,0,1,2,8.2,8.335,44,30.0026,4,33,37
289,2011-01-13 12:00:00,1,0,1,1,8.2,8.335,44,27.9993,3,49,52
290,2011-01-13 13:00:00,1,0,1,1,9.02,9.85,41,30.0026,2,81,83
291,2011-01-13 14:00:00,1,0,1,1,9.02,9.85,41,26.0027,3,39,42
292,2011-01-13 15:00:00,1,0,1,1,9.84,10.605,38,19.9995,5,55,60
293,2011-01-13 16:00:00,1,0,1,1,9.84,10.605,38,23.9994,2,76,78
294,2011-01-13 17:00:00,1,0,1,1,8.2,9.09,40,19.0012,4,158,162
295,2011-01-13 18:00:00,1,0,1,1,8.2,9.09,40,22.0028,3,141,144
296,2011-01-13 19:00:00,1,0,1,1,6.56,7.575,47,16.9979,1,98,99
297,2011-01-13 20:00:00,1,0,1,1,6.56,7.575,47,15.0013,0,64,64
298,2011-01-13 21:00:00,1,0,1,1,5.74,6.06,46,19.9995,0,40,40
299,2011-01-13 22:00:00,1,0,1,1,5.74,6.06,46,22.0028,0,30,30
300,2011-01-13 23:00:00,1,0,1,1,4.92,6.82,50,12.998,1,14,15
301,2011-01-14 00:00:00,1,0,1,1,4.92,6.82,50,12.998,0,14,14
302,2011-01-14 01:00:00,1,0,1,1,4.1,6.06,54,11.0014,0,5,5
303,2011-01-14 02:00:00,1,0,1,1,4.1,6.06,54,8.9981,0,1,1
304,2011-01-14 03:00:00,1,0,1,1,4.1,6.82,54,7.0015,0,1,1
305,2011-01-14 05:00:00,1,0,1,1,4.1,6.82,54,6.0032,0,8,8
306,2011-01-14 06:00:00,1,0,1,1,4.1,9.09,54,0.0,0,17,17
307,2011-01-14 07:00:00,1,0,1,1,4.1,6.06,74,11.0014,0,70,70
308,2011-01-14 08:00:00,1,0,1,1,4.92,8.335,68,0.0,2,156,158
309,2011-01-14 09:00:00,1,0,1,1,5.74,7.575,69,8.9981,0,117,117
310,2011-01-14 10:00:00,1,0,1,1,7.38,9.09,55,12.998,4,40,44
311,2011-01-14 11:00:00,1,0,1,1,7.38,8.335,51,19.0012,6,47,53
312,2011-01-14 12:00:00,1,0,1,1,8.2,9.85,44,16.9979,2,59,61
313,2011-01-14 13:00:00,1,0,1,1,9.02,9.85,37,26.0027,4,73,77
314,2011-01-14 14:00:00,1,0,1,1,9.02,10.605,41,19.0012,5,59,64
315,2011-01-14 15:00:00,1,0,1,1,9.84,12.12,38,11.0014,9,59,68
316,2011-01-14 16:00:00,1,0,1,1,9.02,12.12,41,7.0015,3,87,90
317,2011-01-14 17:00:00,1,0,1,1,9.02,11.365,41,11.0014,4,155,159
318,2011-01-14 18:00:00,1,0,1,1,8.2,12.88,47,0.0,5,134,139
319,2011-01-14 19:00:00,1,0,1,1,6.56,9.85,59,6.0032,3,89,92
320,2011-01-14 20:00:00,1,0,1,1,7.38,12.12,59,0.0,0,68,68
321,2011-01-14 21:00:00,1,0,1,1,6.56,11.365,69,0.0,4,48,52
322,2011-01-14 22:00:00,1,0,1,2,6.56,11.365,69,0.0,2,34,36
323,2011-01-14 23:00:00,1,0,1,2,7.38,12.12,55,0.0,1,26,27
324,2011-01-15 00:00:00,1,0,0,1,7.38,12.12,55,0.0,3,25,28
325,2011-01-15 01:00:00,1,0,0,2,6.56,9.85,59,6.0032,2,18,20
326,2011-01-15 02:00:00,1,0,0,2,6.56,9.85,59,6.0032,0,12,12
327,2011-01-15 03:00:00,1,0,0,2,6.56,11.365,59,0.0,1,7,8
328,2011-01-15 04:00:00,1,0,0,2,6.56,11.365,59,0.0,0,5,5
329,2011-01-15 05:00:00,1,0,0,1,6.56,11.365,59,0.0,0,1,1
330,2011-01-15 06:00:00,1,0,0,1,5.74,8.335,63,7.0015,1,2,3
331,2011-01-15 07:00:00,1,0,0,1,5.74,10.605,63,0.0,1,9,10
332,2011-01-15 08:00:00,1,0,0,1,5.74,7.575,63,8.9981,1,22,23
333,2011-01-15 09:00:00,1,0,0,1,6.56,9.09,64,8.9981,2,31,33
334,2011-01-15 10:00:00,1,0,0,1,7.38,9.85,59,11.0014,2,57,59
335,2011-01-15 11:00:00,1,0,0,1,8.2,9.85,55,15.0013,18,54,72
336,2011-01-15 12:00:00,1,0,0,1,9.84,11.365,48,15.0013,15,74,89
337,2011-01-15 13:00:00,1,0,0,1,11.48,12.88,38,19.9995,21,80,101
338,2011-01-15 14:00:00,1,0,0,1,12.3,14.395,39,19.0012,26,92,118
339,2011-01-15 15:00:00,1,0,0,2,13.12,15.91,36,12.998,21,108,129
340,2011-01-15 16:00:00,1,0,0,2,13.94,16.665,34,12.998,33,95,128
341,2011-01-15 17:00:00,1,0,0,2,13.12,15.15,36,19.0012,29,54,83
342,2011-01-15 18:00:00,1,0,0,2,12.3,14.395,45,16.9979,15,69,84
343,2011-01-15 19:00:00,1,0,0,2,13.12,15.15,39,16.9979,14,60,74
344,2011-01-15 20:00:00,1,0,0,2,13.12,15.15,39,16.9979,6,35,41
345,2011-01-15 21:00:00,1,0,0,2,13.12,15.15,39,15.0013,6,51,57
346,2011-01-15 22:00:00,1,0,0,2,12.3,15.91,42,7.0015,0,26,26
347,2011-01-15 23:00:00,1,0,0,1,12.3,14.395,45,19.0012,5,39,44
348,2011-01-16 00:00:00,1,0,0,1,10.66,15.15,56,0.0,6,33,39
349,2011-01-16 01:00:00,1,0,0,1,10.66,13.635,56,8.9981,4,19,23
350,2011-01-16 02:00:00,1,0,0,1,10.66,14.395,56,6.0032,3,13,16
351,2011-01-16 03:00:00,1,0,0,1,9.02,13.635,69,0.0,9,6,15
352,2011-01-16 04:00:00,1,0,0,1,10.66,12.88,56,11.0014,0,1,1
353,2011-01-16 05:00:00,1,0,0,2,10.66,12.88,56,11.0014,1,1,2
354,2011-01-16 06:00:00,1,0,0,2,10.66,12.88,56,11.0014,0,1,1
355,2011-01-16 07:00:00,1,0,0,2,9.84,10.605,56,19.9995,0,3,3
356,2011-01-16 08:00:00,1,0,0,1,9.02,10.605,55,19.0012,0,18,18
357,2011-01-16 09:00:00,1,0,0,1,9.02,10.605,51,16.9979,3,29,32
358,2011-01-16 10:00:00,1,0,0,1,9.02,10.605,51,19.0012,8,71,79
359,2011-01-16 11:00:00,1,0,0,1,9.84,11.365,44,16.9979,23,70,93
360,2011-01-16 12:00:00,1,0,0,1,9.84,10.605,41,19.0012,29,75,104
361,2011-01-16 13:00:00,1,0,0,1,10.66,11.365,35,19.9995,23,95,118
362,2011-01-16 14:00:00,1,0,0,1,11.48,13.635,36,16.9979,22,69,91
363,2011-01-16 15:00:00,1,0,0,1,10.66,12.12,38,16.9979,35,78,113
364,2011-01-16 16:00:00,1,0,0,1,9.84,11.365,38,15.0013,22,77,99
365,2011-01-16 17:00:00,1,0,0,1,9.02,10.605,37,16.9979,23,82,105
366,2011-01-16 18:00:00,1,0,0,1,8.2,10.605,40,11.0014,11,56,67
367,2011-01-16 19:00:00,1,0,0,1,7.38,9.85,47,8.9981,14,47,61
368,2011-01-16 20:00:00,1,0,0,1,7.38,9.85,47,11.0014,7,50,57
369,2011-01-16 21:00:00,1,0,0,1,7.38,9.85,51,11.0014,6,22,28
370,2011-01-16 22:00:00,1,0,0,2,8.2,10.605,49,8.9981,2,19,21
371,2011-01-16 23:00:00,1,0,0,2,8.2,11.365,40,7.0015,0,18,18
372,2011-01-17 00:00:00,1,1,0,2,8.2,9.85,47,15.0013,1,16,17
373,2011-01-17 01:00:00,1,1,0,2,8.2,9.85,44,12.998,1,15,16
374,2011-01-17 02:00:00,1,1,0,2,7.38,8.335,43,16.9979,0,8,8
375,2011-01-17 03:00:00,1,1,0,2,7.38,9.09,43,12.998,0,2,2
376,2011-01-17 04:00:00,1,1,0,2,7.38,9.85,43,8.9981,1,2,3
377,2011-01-17 05:00:00,1,1,0,2,7.38,9.85,43,11.0014,0,1,1
378,2011-01-17 06:00:00,1,1,0,2,7.38,9.09,43,12.998,0,5,5
379,2011-01-17 07:00:00,1,1,0,2,6.56,9.09,50,8.9981,4,9,13
380,2011-01-17 08:00:00,1,1,0,2,6.56,7.575,47,15.0013,3,30,33
381,2011-01-17 09:00:00,1,1,0,2,6.56,7.575,47,15.0013,8,39,47
382,2011-01-17 10:00:00,1,1,0,2,6.56,7.575,50,16.9979,7,50,57
383,2011-01-17 11:00:00,1,1,0,2,6.56,7.575,55,12.998,9,55,64
384,2011-01-17 12:00:00,1,1,0,2,7.38,9.85,47,8.9981,10,70,80
385,2011-01-17 13:00:00,1,1,0,2,7.38,9.85,47,8.9981,13,80,93
386,2011-01-17 14:00:00,1,1,0,2,7.38,10.605,43,7.0015,12,74,86
387,2011-01-17 15:00:00,1,1,0,2,8.2,10.605,47,11.0014,21,72,93
388,2011-01-17 16:00:00,1,1,0,2,8.2,10.605,47,11.0014,6,76,82
389,2011-01-17 17:00:00,1,1,0,1,8.2,9.85,51,12.998,4,67,71
390,2011-01-17 18:00:00,1,1,0,2,7.38,8.335,55,16.9979,7,85,92
391,2011-01-17 19:00:00,1,1,0,3,7.38,9.09,59,12.998,2,58,60
392,2011-01-17 20:00:00,1,1,0,3,6.56,7.575,80,12.998,4,29,33
393,2011-01-17 21:00:00,1,1,0,3,6.56,7.575,80,12.998,3,24,27
394,2011-01-17 22:00:00,1,1,0,3,5.74,6.06,93,16.9979,0,13,13
395,2011-01-17 23:00:00,1,1,0,3,6.56,6.82,86,19.0012,1,3,4
396,2011-01-18 12:00:00,1,0,1,2,8.2,9.09,86,22.0028,0,3,3
397,2011-01-18 13:00:00,1,0,1,2,8.2,9.85,86,15.0013,0,22,22
398,2011-01-18 14:00:00,1,0,1,2,9.02,11.365,80,11.0014,2,26,28
399,2011-01-18 15:00:00,1,0,1,2,9.02,11.365,87,11.0014,3,32,35
400,2011-01-18 16:00:00,1,0,1,2,9.02,11.365,87,12.998,0,61,61
401,2011-01-18 17:00:00,1,0,1,2,9.02,11.365,82,12.998,1,124,125
402,2011-01-18 18:00:00,1,0,1,2,9.02,11.365,80,11.0014,1,132,133
403,2011-01-18 19:00:00,1,0,1,2,9.02,11.365,80,8.9981,1,98,99
404,2011-01-18 20:00:00,1,0,1,2,9.02,13.635,87,0.0,0,83,83
405,2011-01-18 21:00:00,1,0,1,2,9.02,12.12,93,7.0015,0,41,41
406,2011-01-18 22:00:00,1,0,1,2,9.02,12.88,93,6.0032,0,33,33
407,2011-01-18 23:00:00,1,0,1,2,9.02,13.635,93,0.0,1,19,20
408,2011-01-19 00:00:00,1,0,1,2,9.02,13.635,93,0.0,0,3,3
409,2011-01-19 01:00:00,1,0,1,3,9.02,11.365,93,8.9981,1,6,7
410,2011-01-19 02:00:00,1,0,1,3,9.02,11.365,93,8.9981,0,3,3
411,2011-01-19 04:00:00,1,0,1,3,9.02,11.365,93,8.9981,1,1,2
412,2011-01-19 05:00:00,1,0,1,2,9.02,12.88,93,6.0032,0,7,7
413,2011-01-19 06:00:00,1,0,1,2,9.02,12.88,93,6.0032,0,32,32
414,2011-01-19 07:00:00,1,0,1,2,9.84,12.88,92,7.0015,1,89,90
415,2011-01-19 08:00:00,1,0,1,2,9.84,12.88,93,7.0015,1,196,197
416,2011-01-19 09:00:00,1,0,1,2,9.84,12.88,93,7.0015,2,107,109
417,2011-01-19 10:00:00,1,0,1,2,10.66,13.635,93,8.9981,1,46,47
418,2011-01-19 11:00:00,1,0,1,2,11.48,15.15,87,6.0032,5,47,52
419,2011-01-19 12:00:00,1,0,1,2,12.3,15.91,81,6.0032,5,65,70
420,2011-01-19 13:00:00,1,0,1,1,16.4,20.455,62,19.0012,11,67,78
421,2011-01-19 14:00:00,1,0,1,1,16.4,20.455,58,16.9979,7,68,75
422,2011-01-19 15:00:00,1,0,1,1,16.4,20.455,54,19.0012,4,78,82
423,2011-01-19 16:00:00,1,0,1,1,15.58,19.695,58,26.0027,10,94,104
424,2011-01-19 17:00:00,1,0,1,1,14.76,16.665,57,22.0028,7,190,197
425,2011-01-19 18:00:00,1,0,1,1,13.94,15.91,61,19.0012,5,156,161
426,2011-01-19 19:00:00,1,0,1,1,13.12,14.395,57,27.9993,4,108,112
427,2011-01-19 20:00:00,1,0,1,1,13.12,15.15,49,19.9995,2,74,76
428,2011-01-19 21:00:00,1,0,1,1,13.12,14.395,49,27.9993,4,55,59
429,2011-01-19 22:00:00,1,0,1,1,12.3,15.15,52,11.0014,6,53,59
430,2011-01-19 23:00:00,1,0,1,1,12.3,13.635,52,31.0009,1,27,28
431,2011-02-01 00:00:00,1,0,1,2,6.56,9.09,64,7.0015,2,6,8
432,2011-02-01 01:00:00,1,0,1,2,6.56,9.09,69,7.0015,0,3,3
433,2011-02-01 02:00:00,1,0,1,2,6.56,11.365,69,0.0,0,2,2
434,2011-02-01 03:00:00,1,0,1,2,6.56,11.365,69,0.0,0,2,2
435,2011-02-01 05:00:00,1,0,1,3,5.74,10.605,93,0.0,0,3,3
436,2011-02-01 06:00:00,1,0,1,3,5.74,10.605,93,0.0,0,22,22
437,2011-02-01 07:00:00,1,0,1,3,6.56,11.365,93,0.0,0,52,52
438,2011-02-01 08:00:00,1,0,1,3,6.56,11.365,93,0.0,3,132,135
439,2011-02-01 09:00:00,1,0,1,2,6.56,11.365,93,0.0,2,114,116
440,2011-02-01 10:00:00,1,0,1,2,6.56,11.365,93,0.0,0,47,47
441,2011-02-01 11:00:00,1,0,1,2,7.38,12.12,86,0.0,2,49,51
442,2011-02-01 12:00:00,1,0,1,2,8.2,12.88,86,0.0,2,53,55
443,2011-02-01 13:00:00,1,0,1,2,8.2,12.88,86,0.0,3,49,52
444,2011-02-01 14:00:00,1,0,1,2,9.02,12.88,80,6.0032,5,49,54
445,2011-02-01 15:00:00,1,0,1,2,9.84,14.395,75,0.0,7,45,52
446,2011-02-01 16:00:00,1,0,1,2,9.84,12.12,75,8.9981,3,61,64
447,2011-02-01 17:00:00,1,0,1,2,9.84,14.395,75,0.0,4,172,176
448,2011-02-01 18:00:00,1,0,1,2,9.84,12.88,81,7.0015,3,165,168
449,2011-02-01 19:00:00,1,0,1,2,9.84,12.12,81,8.9981,3,105,108
450,2011-02-01 20:00:00,1,0,1,2,9.02,11.365,87,8.9981,5,69,74
451,2011-02-01 21:00:00,1,0,1,2,9.02,11.365,87,8.9981,0,64,64
452,2011-02-01 22:00:00,1,0,1,2,9.02,12.88,87,6.0032,2,34,36
453,2011-02-01 23:00:00,1,0,1,3,8.2,9.85,93,12.998,1,15,16
454,2011-02-02 00:00:00,1,0,1,3,9.02,12.12,93,7.0015,0,2,2
455,2011-02-02 01:00:00,1,0,1,3,9.02,11.365,93,12.998,0,3,3
456,2011-02-02 02:00:00,1,0,1,3,9.02,11.365,93,8.9981,4,0,4
457,2011-02-02 03:00:00,1,0,1,3,9.02,11.365,93,8.9981,0,1,1
458,2011-02-02 04:00:00,1,0,1,3,9.02,10.605,93,19.0012,0,1,1
459,2011-02-02 05:00:00,1,0,1,3,9.02,12.12,93,7.0015,0,3,3
460,2011-02-02 06:00:00,1,0,1,3,9.02,12.12,93,7.0015,1,17,18
461,2011-02-02 07:00:00,1,0,1,3,9.02,10.605,93,15.0013,1,48,49
462,2011-02-02 08:00:00,1,0,1,3,9.02,10.605,93,15.0013,1,154,155
463,2011-02-02 09:00:00,1,0,1,2,9.84,12.88,93,6.0032,4,119,123
464,2011-02-02 10:00:00,1,0,1,2,9.02,13.635,100,0.0,2,59,61
465,2011-02-02 11:00:00,1,0,1,2,9.84,11.365,93,12.998,5,47,52
466,2011-02-02 12:00:00,1,0,1,2,9.84,11.365,93,15.0013,3,61,64
467,2011-02-02 13:00:00,1,0,1,1,13.94,16.665,93,11.0014,1,74,75
468,2011-02-02 14:00:00,1,0,1,1,15.58,19.695,82,26.0027,2,61,63
469,2011-02-02 15:00:00,1,0,1,1,15.58,19.695,76,22.0028,10,66,76
470,2011-02-02 16:00:00,1,0,1,1,14.76,16.665,71,19.9995,8,95,103
471,2011-02-02 17:00:00,1,0,1,1,14.76,15.91,53,35.0008,7,183,190
472,2011-02-02 18:00:00,1,0,1,1,13.94,14.395,42,36.9974,7,175,182
473,2011-02-02 19:00:00,1,0,1,1,11.48,12.12,45,32.9975,3,88,91
474,2011-02-02 20:00:00,1,0,1,1,9.84,9.85,48,36.9974,4,71,75
475,2011-02-02 21:00:00,1,0,1,1,9.02,9.85,47,22.0028,1,62,63
476,2011-02-02 22:00:00,1,0,1,1,9.02,10.605,44,16.9979,5,35,40
477,2011-02-02 23:00:00,1,0,1,1,8.2,8.335,44,30.0026,3,29,32
478,2011-02-03 00:00:00,1,0,1,1,8.2,8.335,40,30.0026,1,11,12
479,2011-02-03 01:00:00,1,0,1,1,8.2,7.575,44,35.0008,0,5,5
480,2011-02-03 02:00:00,1,0,1,1,7.38,8.335,43,16.9979,0,2,2
481,2011-02-03 03:00:00,1,0,1,1,7.38,8.335,43,16.9979,0,1,1
482,2011-02-03 05:00:00,1,0,1,1,6.56,6.82,50,19.9995,0,2,2
483,2011-02-03 06:00:00,1,0,1,1,6.56,6.82,43,23.9994,0,39,39
484,2011-02-03 07:00:00,1,0,1,1,5.74,6.06,50,22.0028,1,86,87
485,2011-02-03 08:00:00,1,0,1,1,5.74,6.06,50,23.9994,4,184,188
486,2011-02-03 09:00:00,1,0,1,1,6.56,6.82,47,19.9995,6,127,133
487,2011-02-03 10:00:00,1,0,1,1,7.38,7.575,43,22.0028,2,50,52
488,2011-02-03 11:00:00,1,0,1,1,7.38,6.82,43,30.0026,9,55,64
489,2011-02-03 12:00:00,1,0,1,1,8.2,9.09,40,23.9994,2,67,69
490,2011-02-03 13:00:00,1,0,1,1,8.2,8.335,40,27.9993,4,47,51
491,2011-02-03 14:00:00,1,0,1,1,9.02,9.85,37,26.0027,4,43,47
492,2011-02-03 15:00:00,1,0,1,1,9.02,9.85,37,22.0028,4,56,60
493,2011-02-03 16:00:00,1,0,1,1,9.02,10.605,37,16.9979,5,73,78
494,2011-02-03 17:00:00,1,0,1,1,8.2,9.85,40,12.998,5,170,175
495,2011-02-03 18:00:00,1,0,1,1,8.2,10.605,40,11.0014,2,145,147
496,2011-02-03 19:00:00,1,0,1,1,8.2,12.88,40,0.0,4,92,96
497,2011-02-03 20:00:00,1,0,1,1,8.2,11.365,47,6.0032,1,108,109
498,2011-02-03 21:00:00,1,0,1,1,7.38,10.605,55,7.0015,1,53,54
499,2011-02-03 22:00:00,1,0,1,1,7.38,10.605,51,6.0032,2,39,41
500,2011-02-03 23:00:00,1,0,1,1,8.2,11.365,47,7.0015,4,34,38
501,2011-02-04 00:00:00,1,0,1,2,8.2,12.88,44,0.0,3,10,13
502,2011-02-04 01:00:00,1,0,1,2,6.56,11.365,59,0.0,0,7,7
503,2011-02-04 02:00:00,1,0,1,2,5.74,8.335,63,7.0015,0,1,1
504,2011-02-04 03:00:00,1,0,1,2,5.74,8.335,63,7.0015,0,1,1
505,2011-02-04 05:00:00,1,0,1,2,5.74,7.575,63,8.9981,0,7,7
506,2011-02-04 06:00:00,1,0,1,2,6.56,11.365,55,0.0,2,26,28
507,2011-02-04 07:00:00,1,0,1,1,5.74,10.605,59,0.0,0,87,87
508,2011-02-04 08:00:00,1,0,1,1,5.74,7.575,74,8.9981,3,217,220
509,2011-02-04 09:00:00,1,0,1,2,6.56,9.09,80,8.9981,3,124,127
510,2011-02-04 10:00:00,1,0,1,2,8.2,10.605,51,8.9981,5,46,51
511,2011-02-04 11:00:00,1,0,1,1,9.02,11.365,51,11.0014,3,61,64
512,2011-02-04 12:00:00,1,0,1,2,9.84,12.12,48,11.0014,8,78,86
513,2011-02-04 13:00:00,1,0,1,2,10.66,12.88,50,15.0013,9,73,82
514,2011-02-04 14:00:00,1,0,1,2,11.48,13.635,45,11.0014,15,76,91
515,2011-02-04 15:00:00,1,0,1,2,11.48,13.635,48,16.9979,9,81,90
516,2011-02-04 16:00:00,1,0,1,2,12.3,14.395,42,15.0013,8,91,99
517,2011-02-04 17:00:00,1,0,1,2,10.66,13.635,56,8.9981,10,195,205
518,2011-02-04 18:00:00,1,0,1,2,9.84,12.88,60,7.0015,3,152,155
519,2011-02-04 19:00:00,1,0,1,2,9.84,12.12,65,8.9981,1,102,103
520,2011-02-04 20:00:00,1,0,1,2,9.84,12.12,65,11.0014,2,69,71
521,2011-02-04 21:00:00,1,0,1,2,9.84,12.12,70,11.0014,2,41,43
522,2011-02-04 22:00:00,1,0,1,2,9.84,12.12,65,11.0014,1,45,46
523,2011-02-04 23:00:00,1,0,1,2,9.84,12.12,70,8.9981,1,30,31
524,2011-02-05 00:00:00,1,0,0,2,9.84,12.12,70,11.0014,3,36,39
525,2011-02-05 01:00:00,1,0,0,2,9.84,12.12,65,11.0014,1,17,18
526,2011-02-05 02:00:00,1,0,0,2,9.84,12.12,75,11.0014,5,12,17
527,2011-02-05 03:00:00,1,0,0,2,9.84,12.12,75,11.0014,1,10,11
528,2011-02-05 04:00:00,1,0,0,3,9.02,11.365,93,8.9981,0,8,8
529,2011-02-05 05:00:00,1,0,0,3,8.2,11.365,100,6.0032,0,9,9
530,2011-02-05 06:00:00,1,0,0,3,8.2,12.88,100,0.0,0,4,4
531,2011-02-05 07:00:00,1,0,0,3,9.02,12.88,93,6.0032,0,4,4
532,2011-02-05 08:00:00,1,0,0,3,8.2,11.365,100,6.0032,0,10,10
533,2011-02-05 09:00:00,1,0,0,3,8.2,11.365,100,6.0032,3,17,20
534,2011-02-05 10:00:00,1,0,0,3,8.2,10.605,100,8.9981,3,31,34
535,2011-02-05 11:00:00,1,0,0,3,9.02,11.365,100,8.9981,1,46,47
536,2011-02-05 12:00:00,1,0,0,3,9.02,11.365,100,11.0014,10,42,52
537,2011-02-05 13:00:00,1,0,0,3,9.02,11.365,100,11.0014,10,62,72
538,2011-02-05 14:00:00,1,0,0,3,9.02,13.635,100,0.0,5,50,55
539,2011-02-05 15:00:00,1,0,0,3,9.02,13.635,100,0.0,11,49,60
540,2011-02-05 16:00:00,1,0,0,3,9.02,11.365,100,8.9981,8,63,71
541,2011-02-05 17:00:00,1,0,0,2,9.84,10.605,100,19.0012,14,64,78
542,2011-02-05 18:00:00,1,0,0,2,11.48,12.12,93,30.0026,2,81,83
543,2011-02-05 19:00:00,1,0,0,2,11.48,12.12,93,30.0026,6,78,84
544,2011-02-05 20:00:00,1,0,0,1,12.3,14.395,87,16.9979,5,64,69
545,2011-02-05 21:00:00,1,0,0,1,10.66,12.88,100,12.998,3,53,56
546,2011-02-05 22:00:00,1,0,0,1,10.66,13.635,93,8.9981,2,43,45
547,2011-02-05 23:00:00,1,0,0,1,10.66,12.88,93,15.0013,7,52,59
548,2011-02-06 00:00:00,1,0,0,1,10.66,12.88,70,12.998,2,37,39
549,2011-02-06 01:00:00,1,0,0,1,10.66,11.365,65,27.9993,4,40,44
550,2011-02-06 02:00:00,1,0,0,1,10.66,11.365,60,22.0028,0,20,20
551,2011-02-06 03:00:00,1,0,0,1,10.66,14.395,60,6.0032,3,10,13
552,2011-02-06 04:00:00,1,0,0,1,10.66,11.365,60,23.9994,0,2,2
553,2011-02-06 05:00:00,1,0,0,1,10.66,12.88,60,15.0013,0,1,1
554,2011-02-06 06:00:00,1,0,0,1,10.66,12.88,60,15.0013,0,1,1
555,2011-02-06 07:00:00,1,0,0,1,9.84,12.12,65,11.0014,0,8,8
556,2011-02-06 08:00:00,1,0,0,1,9.84,12.88,65,7.0015,2,21,23
557,2011-02-06 09:00:00,1,0,0,1,11.48,14.395,56,7.0015,7,38,45
558,2011-02-06 10:00:00,1,0,0,1,12.3,14.395,52,16.9979,15,74,89
559,2011-02-06 11:00:00,1,0,0,1,13.12,15.15,49,16.9979,28,89,117
560,2011-02-06 12:00:00,1,0,0,1,13.94,16.665,46,0.0,48,126,174
561,2011-02-06 13:00:00,1,0,0,1,13.94,18.18,46,0.0,47,135,182
562,2011-02-06 14:00:00,1,0,0,1,13.94,17.425,46,6.0032,47,114,161
563,2011-02-06 15:00:00,1,0,0,1,13.94,17.425,46,6.0032,52,130,182
564,2011-02-06 16:00:00,1,0,0,1,13.94,17.425,49,7.0015,42,115,157
565,2011-02-06 17:00:00,1,0,0,1,13.94,18.18,46,0.0,24,97,121
566,2011-02-06 18:00:00,1,0,0,1,12.3,15.15,56,11.0014,13,65,78
567,2011-02-06 19:00:00,1,0,0,1,11.48,14.395,61,8.9981,1,20,21
568,2011-02-06 20:00:00,1,0,0,1,11.48,14.395,61,7.0015,5,21,26
569,2011-02-06 21:00:00,1,0,0,1,10.66,15.15,60,0.0,5,22,27
570,2011-02-06 22:00:00,1,0,0,1,10.66,15.15,60,0.0,5,57,62
571,2011-02-06 23:00:00,1,0,0,1,9.84,14.395,65,0.0,4,26,30
572,2011-02-07 00:00:00,1,0,1,1,9.84,14.395,65,0.0,1,14,15
573,2011-02-07 01:00:00,1,0,1,1,9.02,13.635,75,0.0,1,4,5
574,2011-02-07 02:00:00,1,0,1,1,8.2,12.88,80,0.0,0,3,3
575,2011-02-07 03:00:00,1,0,1,1,8.2,12.88,86,0.0,0,1,1
576,2011-02-07 04:00:00,1,0,1,1,8.2,12.88,86,0.0,1,1,2
577,2011-02-07 05:00:00,1,0,1,1,8.2,12.88,86,0.0,1,9,10
578,2011-02-07 06:00:00,1,0,1,1,7.38,12.12,93,0.0,1,29,30
579,2011-02-07 07:00:00,1,0,1,1,7.38,12.12,86,0.0,6,89,95
580,2011-02-07 08:00:00,1,0,1,2,6.56,11.365,100,0.0,7,223,230
581,2011-02-07 09:00:00,1,0,1,1,9.02,13.635,80,0.0,3,115,118
582,2011-02-07 10:00:00,1,0,1,1,9.84,12.88,75,7.0015,6,49,55
583,2011-02-07 11:00:00,1,0,1,1,12.3,15.91,65,6.0032,11,36,47
584,2011-02-07 12:00:00,1,0,1,2,13.12,17.425,62,0.0,7,59,66
585,2011-02-07 13:00:00,1,0,1,2,14.76,18.18,57,6.0032,10,54,64
586,2011-02-07 14:00:00,1,0,1,2,14.76,18.18,57,6.0032,8,52,60
587,2011-02-07 15:00:00,1,0,1,2,15.58,19.695,54,6.0032,4,46,50
588,2011-02-07 16:00:00,1,0,1,2,14.76,17.425,57,8.9981,16,98,114
589,2011-02-07 17:00:00,1,0,1,2,13.12,15.91,70,11.0014,9,207,216
590,2011-02-07 18:00:00,1,0,1,2,13.94,16.665,66,8.9981,5,170,175
591,2011-02-07 19:00:00,1,0,1,2,13.12,17.425,70,0.0,5,123,128
592,2011-02-07 20:00:00,1,0,1,2,13.12,16.665,70,7.0015,6,82,88
593,2011-02-07 21:00:00,1,0,1,1,13.12,17.425,70,0.0,3,75,78
594,2011-02-07 22:00:00,1,0,1,1,11.48,15.15,81,6.0032,3,34,37
595,2011-02-07 23:00:00,1,0,1,2,12.3,16.665,81,0.0,6,19,25
596,2011-02-08 00:00:00,1,0,1,2,11.48,15.91,87,0.0,4,6,10
597,2011-02-08 01:00:00,1,0,1,2,11.48,15.91,87,0.0,0,4,4
598,2011-02-08 02:00:00,1,0,1,2,10.66,13.635,93,7.0015,1,1,2
599,2011-02-08 03:00:00,1,0,1,3,11.48,13.635,93,11.0014,0,1,1
600,2011-02-08 04:00:00,1,0,1,1,10.66,12.88,93,11.0014,0,3,3
601,2011-02-08 05:00:00,1,0,1,1,10.66,11.365,81,22.0028,0,2,2
602,2011-02-08 06:00:00,1,0,1,1,10.66,11.365,70,22.0028,0,39,39
603,2011-02-08 07:00:00,1,0,1,1,9.84,9.85,65,27.9993,3,97,100
604,2011-02-08 08:00:00,1,0,1,1,9.84,9.85,56,32.9975,7,236,243
605,2011-02-08 09:00:00,1,0,1,1,9.84,9.85,52,32.9975,7,128,135
606,2011-02-08 10:00:00,1,0,1,1,9.02,9.09,47,36.9974,4,44,48
607,2011-02-08 11:00:00,1,0,1,1,9.02,9.09,47,31.0009,1,49,50
608,2011-02-08 12:00:00,1,0,1,1,9.84,9.85,38,32.9975,2,63,65
609,2011-02-08 13:00:00,1,0,1,2,9.84,9.85,32,30.0026,2,48,50
610,2011-02-08 14:00:00,1,0,1,1,9.02,9.85,37,27.9993,3,61,64
611,2011-02-08 15:00:00,1,0,1,1,9.02,9.85,35,26.0027,6,45,51
612,2011-02-08 16:00:00,1,0,1,1,9.02,9.09,35,35.0008,4,79,83
613,2011-02-08 17:00:00,1,0,1,1,9.02,9.09,32,39.0007,4,172,176
614,2011-02-08 18:00:00,1,0,1,1,8.2,9.09,32,26.0027,1,151,152
615,2011-02-08 19:00:00,1,0,1,1,6.56,6.06,40,31.0009,1,100,101
616,2011-02-08 20:00:00,1,0,1,1,6.56,6.82,40,22.0028,3,53,56
617,2011-02-08 21:00:00,1,0,1,1,5.74,5.305,33,31.0009,8,46,54
618,2011-02-08 22:00:00,1,0,1,1,4.92,5.305,33,23.9994,0,29,29
619,2011-02-08 23:00:00,1,0,1,1,4.92,5.305,33,22.0028,3,9,12
620,2011-02-09 00:00:00,1,0,1,1,4.1,3.79,36,23.9994,0,17,17
621,2011-02-09 01:00:00,1,0,1,1,4.1,5.305,36,15.0013,0,7,7
622,2011-02-09 02:00:00,1,0,1,1,3.28,3.79,38,19.0012,1,2,3
623,2011-02-09 03:00:00,1,0,1,1,2.46,3.79,45,8.9981,0,2,2
624,2011-02-09 05:00:00,1,0,1,1,2.46,5.305,45,7.0015,0,7,7
625,2011-02-09 06:00:00,1,0,1,1,2.46,7.575,45,0.0,0,43,43
626,2011-02-09 07:00:00,1,0,1,1,2.46,5.305,49,7.0015,4,95,99
627,2011-02-09 08:00:00,1,0,1,1,4.1,6.82,42,0.0,1,198,199
628,2011-02-09 09:00:00,1,0,1,1,4.92,6.82,39,11.0014,4,119,123
629,2011-02-09 10:00:00,1,0,1,1,5.74,9.09,36,0.0,8,51,59
630,2011-02-09 11:00:00,1,0,1,2,5.74,7.575,43,11.0014,1,40,41
631,2011-02-09 12:00:00,1,0,1,2,7.38,9.09,40,15.0013,4,57,61
632,2011-02-09 13:00:00,1,0,1,1,7.38,8.335,40,16.9979,2,67,69
633,2011-02-09 14:00:00,1,0,1,1,8.2,9.09,34,19.9995,2,56,58
634,2011-02-09 15:00:00,1,0,1,2,8.2,9.09,34,19.0012,3,61,64
635,2011-02-09 16:00:00,1,0,1,2,8.2,9.85,37,16.9979,7,72,79
636,2011-02-09 17:00:00,1,0,1,2,8.2,9.85,34,16.9979,9,157,166
637,2011-02-09 18:00:00,1,0,1,2,7.38,8.335,47,19.9995,2,168,170
638,2011-02-09 19:00:00,1,0,1,3,5.74,6.06,86,16.9979,1,87,88
639,2011-02-09 20:00:00,1,0,1,3,5.74,7.575,86,11.0014,0,84,84
640,2011-02-09 21:00:00,1,0,1,2,5.74,7.575,86,11.0014,0,83,83
641,2011-02-09 22:00:00,1,0,1,3,6.56,8.335,80,11.0014,4,42,46
642,2011-02-09 23:00:00,1,0,1,3,6.56,7.575,80,12.998,0,37,37
643,2011-02-10 00:00:00,1,0,1,3,5.74,6.82,86,12.998,0,16,16
644,2011-02-10 01:00:00,1,0,1,3,5.74,7.575,80,8.9981,0,7,7
645,2011-02-10 02:00:00,1,0,1,3,5.74,7.575,80,8.9981,0,3,3
646,2011-02-10 04:00:00,1,0,1,2,5.74,6.82,59,15.0013,0,1,1
647,2011-02-10 05:00:00,1,0,1,2,4.92,6.06,50,15.0013,0,6,6
648,2011-02-10 06:00:00,1,0,1,2,4.92,6.06,54,19.0012,0,26,26
649,2011-02-10 07:00:00,1,0,1,1,4.1,3.79,50,27.9993,0,99,99
650,2011-02-10 08:00:00,1,0,1,1,4.1,3.79,49,22.0028,5,173,178
651,2011-02-10 09:00:00,1,0,1,1,4.92,5.305,42,23.9994,1,121,122
652,2011-02-10 10:00:00,1,0,1,1,4.92,5.305,42,19.9995,1,34,35
653,2011-02-10 11:00:00,1,0,1,1,5.74,6.06,39,23.9994,1,44,45
654,2011-02-10 12:00:00,1,0,1,1,6.56,6.82,34,26.0027,4,65,69
655,2011-02-10 13:00:00,1,0,1,1,7.38,8.335,29,19.9995,3,59,62
656,2011-02-10 14:00:00,1,0,1,1,8.2,9.09,27,19.0012,6,42,48
657,2011-02-10 15:00:00,1,0,1,1,8.2,9.85,25,16.9979,0,50,50
658,2011-02-10 16:00:00,1,0,1,1,8.2,9.09,27,19.9995,4,76,80
659,2011-02-10 17:00:00,1,0,1,1,7.38,9.09,26,12.998,6,159,165
660,2011-02-10 18:00:00,1,0,1,1,6.56,9.09,28,8.9981,3,157,160
661,2011-02-10 19:00:00,1,0,1,1,5.74,8.335,28,7.0015,2,110,112
662,2011-02-10 20:00:00,1,0,1,1,5.74,9.09,31,6.0032,4,93,97
663,2011-02-10 21:00:00,1,0,1,1,5.74,10.605,39,0.0,2,70,72
664,2011-02-10 22:00:00,1,0,1,1,4.92,9.85,39,0.0,4,47,51
665,2011-02-10 23:00:00,1,0,1,1,4.92,7.575,42,7.0015,1,33,34
666,2011-02-11 00:00:00,1,0,1,1,4.1,6.82,49,7.0015,2,12,14
667,2011-02-11 01:00:00,1,0,1,1,4.1,6.82,54,6.0032,1,6,7
668,2011-02-11 02:00:00,1,0,1,1,4.1,6.82,54,6.0032,0,3,3
669,2011-02-11 05:00:00,1,0,1,1,3.28,6.06,63,6.0032,0,4,4
670,2011-02-11 06:00:00,1,0,1,1,4.1,9.09,68,0.0,1,23,24
671,2011-02-11 07:00:00,1,0,1,1,3.28,8.335,73,0.0,1,73,74
672,2011-02-11 08:00:00,1,0,1,1,4.1,6.06,74,11.0014,4,212,216
673,2011-02-11 09:00:00,1,0,1,1,4.92,6.06,74,15.0013,8,132,140
674,2011-02-11 10:00:00,1,0,1,1,5.74,6.82,69,12.998,5,39,44
675,2011-02-11 11:00:00,1,0,1,1,9.02,11.365,47,8.9981,12,52,64
676,2011-02-11 12:00:00,1,0,1,1,9.02,11.365,47,8.9981,7,64,71
677,2011-02-11 13:00:00,1,0,1,1,9.84,11.365,35,12.998,21,89,110
678,2011-02-11 14:00:00,1,0,1,1,12.3,14.395,26,16.9979,17,67,84
679,2011-02-11 15:00:00,1,0,1,1,13.12,15.91,21,11.0014,12,62,74
680,2011-02-11 16:00:00,1,0,1,1,12.3,14.395,28,12.998,14,111,125
681,2011-02-11 17:00:00,1,0,1,1,12.3,16.665,24,0.0,18,193,211
682,2011-02-11 18:00:00,1,0,1,1,11.48,15.91,28,0.0,9,165,174
683,2011-02-11 19:00:00,1,0,1,1,10.66,15.15,33,0.0,7,94,101
684,2011-02-11 20:00:00,1,0,1,1,9.02,11.365,55,8.9981,2,61,63
685,2011-02-11 21:00:00,1,0,1,1,8.2,10.605,59,8.9981,1,46,47
686,2011-02-11 22:00:00,1,0,1,1,8.2,11.365,64,6.0032,2,41,43
687,2011-02-11 23:00:00,1,0,1,1,7.38,12.12,69,0.0,5,48,53
688,2011-02-12 00:00:00,1,0,0,1,6.56,9.85,69,6.0032,3,27,30
689,2011-02-12 01:00:00,1,0,0,1,5.74,10.605,86,0.0,2,22,24
690,2011-02-12 02:00:00,1,0,0,1,5.74,10.605,80,0.0,2,13,15
691,2011-02-12 03:00:00,1,0,0,1,4.92,9.85,80,0.0,3,7,10
692,2011-02-12 04:00:00,1,0,0,1,4.92,8.335,74,6.0032,0,4,4
693,2011-02-12 05:00:00,1,0,0,1,4.92,8.335,74,6.0032,0,1,1
694,2011-02-12 06:00:00,1,0,0,1,4.92,6.82,93,12.998,1,1,2
695,2011-02-12 07:00:00,1,0,0,1,4.92,7.575,80,7.0015,2,9,11
696,2011-02-12 08:00:00,1,0,0,1,5.74,7.575,86,8.9981,2,28,30
697,2011-02-12 09:00:00,1,0,0,1,6.56,9.09,64,8.9981,5,38,43
698,2011-02-12 10:00:00,1,0,0,1,9.02,10.605,41,16.9979,13,71,84
699,2011-02-12 11:00:00,1,0,0,1,12.3,13.635,28,22.0028,30,84,114
700,2011-02-12 12:00:00,1,0,0,1,12.3,13.635,39,31.0009,27,93,120
701,2011-02-12 13:00:00,1,0,0,1,12.3,13.635,39,27.9993,32,103,135
702,2011-02-12 14:00:00,1,0,0,1,13.94,15.91,31,19.0012,30,90,120
703,2011-02-12 15:00:00,1,0,0,1,13.94,15.15,29,27.9993,47,127,174
704,2011-02-12 16:00:00,1,0,0,1,13.94,15.15,29,27.9993,42,103,145
705,2011-02-12 17:00:00,1,0,0,1,13.12,14.395,31,35.0008,24,113,137
706,2011-02-12 18:00:00,1,0,0,1,11.48,12.88,38,22.0028,4,60,64
707,2011-02-12 19:00:00,1,0,0,1,11.48,13.635,38,11.0014,2,39,41
708,2011-02-12 20:00:00,1,0,0,1,10.66,12.88,41,15.0013,1,39,40
709,2011-02-12 21:00:00,1,0,0,1,10.66,15.15,41,0.0,9,42,51
710,2011-02-12 22:00:00,1,0,0,1,9.84,12.88,44,6.0032,6,39,45
711,2011-02-12 23:00:00,1,0,0,1,9.02,11.365,51,8.9981,1,31,32
712,2011-02-13 00:00:00,1,0,0,1,8.2,11.365,64,7.0015,5,34,39
713,2011-02-13 01:00:00,1,0,0,1,8.2,11.365,59,6.0032,1,23,24
714,2011-02-13 02:00:00,1,0,0,2,8.2,11.365,75,6.0032,1,19,20
715,2011-02-13 03:00:00,1,0,0,2,8.2,11.365,69,7.0015,4,8,12
716,2011-02-13 04:00:00,1,0,0,2,8.2,10.605,69,11.0014,0,2,2
717,2011-02-13 06:00:00,1,0,0,2,8.2,10.605,69,8.9981,2,3,5
718,2011-02-13 07:00:00,1,0,0,2,9.02,13.635,55,0.0,0,3,3
719,2011-02-13 08:00:00,1,0,0,2,9.02,11.365,64,12.998,1,11,12
720,2011-02-13 09:00:00,1,0,0,2,9.84,11.365,60,15.0013,12,35,47
721,2011-02-13 10:00:00,1,0,0,1,12.3,13.635,45,22.0028,19,86,105
722,2011-02-13 11:00:00,1,0,0,1,13.12,14.395,39,30.0026,26,86,112
723,2011-02-13 12:00:00,1,0,0,1,14.76,15.91,32,31.0009,58,94,152
724,2011-02-13 13:00:00,1,0,0,1,15.58,19.695,29,23.9994,62,92,154
725,2011-02-13 14:00:00,1,0,0,2,16.4,20.455,30,27.9993,51,110,161
726,2011-02-13 15:00:00,1,0,0,2,16.4,20.455,30,19.9995,40,122,162
727,2011-02-13 16:00:00,1,0,0,2,17.22,21.21,28,22.0028,28,106,134
728,2011-02-13 17:00:00,1,0,0,1,17.22,21.21,28,22.0028,30,95,125
729,2011-02-13 18:00:00,1,0,0,1,16.4,20.455,32,19.9995,17,78,95
730,2011-02-13 19:00:00,1,0,0,1,16.4,20.455,35,19.0012,11,50,61
731,2011-02-13 20:00:00,1,0,0,1,16.4,20.455,35,22.0028,15,32,47
732,2011-02-13 21:00:00,1,0,0,1,16.4,20.455,35,23.9994,6,45,51
733,2011-02-13 22:00:00,1,0,0,1,16.4,20.455,35,19.9995,5,31,36
734,2011-02-13 23:00:00,1,0,0,1,16.4,20.455,35,23.9994,3,27,30
735,2011-02-14 00:00:00,1,0,1,1,15.58,19.695,37,23.9994,3,8,11
736,2011-02-14 01:00:00,1,0,1,1,15.58,19.695,37,23.9994,1,6,7
737,2011-02-14 02:00:00,1,0,1,1,14.76,16.665,40,19.9995,0,2,2
738,2011-02-14 03:00:00,1,0,1,1,13.94,15.91,46,15.0013,1,1,2
739,2011-02-14 04:00:00,1,0,1,1,13.12,15.15,53,19.0012,0,2,2
740,2011-02-14 05:00:00,1,0,1,1,13.12,15.15,53,19.0012,0,3,3
741,2011-02-14 06:00:00,1,0,1,1,13.94,15.15,46,19.9995,1,25,26
742,2011-02-14 07:00:00,1,0,1,1,13.94,15.15,46,19.9995,2,96,98
743,2011-02-14 08:00:00,1,0,1,1,15.58,19.695,40,31.0009,7,249,256
744,2011-02-14 09:00:00,1,0,1,1,16.4,20.455,37,26.0027,8,122,130
745,2011-02-14 10:00:00,1,0,1,1,18.04,21.97,33,15.0013,9,46,55
746,2011-02-14 11:00:00,1,0,1,1,21.32,25.0,23,16.9979,10,43,53
747,2011-02-14 12:00:00,1,0,1,1,22.96,26.515,22,30.0026,27,99,126
748,2011-02-14 13:00:00,1,0,1,1,23.78,27.275,19,26.0027,27,93,120
749,2011-02-14 14:00:00,1,0,1,1,24.6,29.545,15,32.9975,14,76,90
750,2011-02-14 15:00:00,1,0,1,1,22.96,26.515,21,43.9989,19,71,90
751,2011-02-14 16:00:00,1,0,1,1,21.32,25.0,27,31.0009,16,102,118
752,2011-02-14 17:00:00,1,0,1,1,18.86,22.725,33,40.9973,25,218,243
753,2011-02-14 18:00:00,1,0,1,1,16.4,20.455,40,40.9973,11,194,205
754,2011-02-14 19:00:00,1,0,1,1,15.58,19.695,43,32.9975,12,86,98
755,2011-02-14 20:00:00,1,0,1,1,14.76,15.91,46,31.0009,5,65,70
756,2011-02-14 21:00:00,1,0,1,1,14.76,15.91,50,35.0008,8,35,43
757,2011-02-14 22:00:00,1,0,1,1,13.94,14.395,46,43.9989,1,44,45
758,2011-02-14 23:00:00,1,0,1,1,13.12,14.395,49,32.9975,1,19,20
759,2011-02-15 00:00:00,1,0,1,1,12.3,13.635,49,27.9993,7,12,19
760,2011-02-15 01:00:00,1,0,1,1,12.3,12.12,42,51.9987,0,5,5
761,2011-02-15 02:00:00,1,0,1,1,11.48,11.365,41,46.0022,1,2,3
762,2011-02-15 04:00:00,1,0,1,1,9.02,9.09,37,35.0008,0,1,1
763,2011-02-15 05:00:00,1,0,1,1,9.02,9.09,32,31.0009,0,4,4
764,2011-02-15 06:00:00,1,0,1,1,8.2,9.09,32,22.0028,0,30,30
765,2011-02-15 07:00:00,1,0,1,1,8.2,9.09,32,23.9994,2,103,105
766,2011-02-15 08:00:00,1,0,1,1,8.2,9.09,32,23.9994,10,213,223
767,2011-02-15 09:00:00,1,0,1,1,9.02,9.85,29,30.0026,2,108,110
768,2011-02-15 10:00:00,1,0,1,1,9.84,10.605,27,19.0012,5,47,52
769,2011-02-15 11:00:00,1,0,1,1,10.66,12.12,25,16.9979,11,46,57
770,2011-02-15 12:00:00,1,0,1,1,11.48,13.635,24,16.9979,6,65,71
771,2011-02-15 13:00:00,1,0,1,1,13.12,15.15,21,15.0013,14,68,82
772,2011-02-15 14:00:00,1,0,1,1,13.94,15.91,19,15.0013,10,69,79
773,2011-02-15 15:00:00,1,0,1,1,13.94,16.665,19,11.0014,11,74,85
774,2011-02-15 16:00:00,1,0,1,1,13.94,15.91,19,16.9979,21,77,98
775,2011-02-15 17:00:00,1,0,1,1,13.12,15.15,22,15.0013,15,191,206
776,2011-02-15 18:00:00,1,0,1,1,12.3,15.15,22,8.9981,14,198,212
777,2011-02-15 19:00:00,1,0,1,1,11.48,14.395,26,8.9981,3,142,145
778,2011-02-15 20:00:00,1,0,1,1,10.66,13.635,33,7.0015,3,98,101
779,2011-02-15 21:00:00,1,0,1,1,9.84,14.395,52,0.0,5,61,66
780,2011-02-15 22:00:00,1,0,1,1,9.84,14.395,44,0.0,0,41,41
781,2011-02-15 23:00:00,1,0,1,2,9.02,12.88,44,6.0032,0,20,20
782,2011-02-16 00:00:00,1,0,1,1,9.02,12.88,41,6.0032,0,15,15
783,2011-02-16 01:00:00,1,0,1,1,8.2,11.365,44,6.0032,0,9,9
784,2011-02-16 03:00:00,1,0,1,2,8.2,9.85,47,12.998,0,1,1
785,2011-02-16 04:00:00,1,0,1,1,8.2,9.85,51,12.998,0,1,1
786,2011-02-16 05:00:00,1,0,1,1,8.2,9.85,47,12.998,0,5,5
787,2011-02-16 06:00:00,1,0,1,1,8.2,9.85,55,15.0013,1,32,33
788,2011-02-16 07:00:00,1,0,1,2,8.2,9.85,55,15.0013,5,103,108
789,2011-02-16 08:00:00,1,0,1,2,9.02,11.365,55,11.0014,6,224,230
790,2011-02-16 09:00:00,1,0,1,1,9.84,10.605,52,19.0012,2,122,124
791,2011-02-16 10:00:00,1,0,1,1,10.66,11.365,41,26.0027,14,55,69
792,2011-02-16 11:00:00,1,0,1,1,13.94,15.15,34,19.9995,7,59,66
793,2011-02-16 12:00:00,1,0,1,1,15.58,19.695,32,22.0028,14,72,86
794,2011-02-16 13:00:00,1,0,1,1,17.22,21.21,30,23.9994,13,80,93
795,2011-02-16 14:00:00,1,0,1,1,18.86,22.725,28,27.9993,17,65,82
796,2011-02-16 15:00:00,1,0,1,1,18.86,22.725,28,27.9993,35,82,117
797,2011-02-16 16:00:00,1,0,1,1,18.86,22.725,31,26.0027,26,96,122
798,2011-02-16 17:00:00,1,0,1,1,18.86,22.725,28,19.0012,11,244,255
799,2011-02-16 18:00:00,1,0,1,1,16.4,20.455,40,15.0013,20,202,222
800,2011-02-16 19:00:00,1,0,1,1,13.94,15.91,53,15.0013,18,143,161
801,2011-02-16 20:00:00,1,0,1,1,15.58,19.695,43,12.998,10,108,118
802,2011-02-16 21:00:00,1,0,1,1,14.76,17.425,46,12.998,5,87,92
803,2011-02-16 22:00:00,1,0,1,1,13.94,16.665,53,12.998,12,61,73
804,2011-02-16 23:00:00,1,0,1,1,15.58,19.695,40,15.0013,2,31,33
805,2011-02-17 00:00:00,1,0,1,1,13.94,16.665,53,12.998,1,16,17
806,2011-02-17 01:00:00,1,0,1,1,13.94,15.91,53,15.0013,0,6,6
807,2011-02-17 02:00:00,1,0,1,2,13.94,15.91,53,15.0013,2,4,6
808,2011-02-17 03:00:00,1,0,1,1,13.94,16.665,53,12.998,3,1,4
809,2011-02-17 04:00:00,1,0,1,1,13.12,15.91,57,12.998,3,1,4
810,2011-02-17 05:00:00,1,0,1,1,13.12,16.665,66,6.0032,1,11,12
811,2011-02-17 06:00:00,1,0,1,1,12.3,15.15,70,8.9981,3,44,47
812,2011-02-17 07:00:00,1,0,1,1,13.12,16.665,57,7.0015,7,119,126
813,2011-02-17 08:00:00,1,0,1,1,13.12,16.665,57,6.0032,18,267,285
814,2011-02-17 09:00:00,1,0,1,1,14.76,17.425,57,12.998,16,163,179
815,2011-02-17 10:00:00,1,0,1,1,15.58,19.695,54,12.998,18,70,88
816,2011-02-17 11:00:00,1,0,1,2,18.04,21.97,44,16.9979,19,71,90
817,2011-02-17 12:00:00,1,0,1,1,19.68,23.485,41,15.0013,15,86,101
818,2011-02-17 13:00:00,1,0,1,1,22.14,25.76,34,15.0013,15,108,123
819,2011-02-17 14:00:00,1,0,1,1,24.6,31.06,31,15.0013,26,55,81
820,2011-02-17 15:00:00,1,0,1,1,24.6,30.305,28,16.9979,15,91,106
821,2011-02-17 16:00:00,1,0,1,2,22.96,26.515,35,19.9995,29,117,146
822,2011-02-17 17:00:00,1,0,1,2,23.78,27.275,32,19.9995,18,256,274
823,2011-02-17 18:00:00,1,0,1,2,22.14,25.76,42,19.0012,11,211,222
824,2011-02-17 19:00:00,1,0,1,1,19.68,23.485,55,22.0028,14,161,175
825,2011-02-17 20:00:00,1,0,1,1,19.68,23.485,59,22.0028,8,131,139
826,2011-02-17 21:00:00,1,0,1,1,21.32,25.0,55,26.0027,5,119,124
827,2011-02-17 22:00:00,1,0,1,1,20.5,24.24,59,19.0012,8,68,76
828,2011-02-17 23:00:00,1,0,1,1,18.86,22.725,67,19.9995,4,40,44
829,2011-02-18 00:00:00,1,0,1,1,18.04,21.97,72,19.0012,12,20,32
830,2011-02-18 01:00:00,1,0,1,1,18.04,21.97,72,15.0013,1,7,8
831,2011-02-18 02:00:00,1,0,1,1,18.04,21.97,72,19.0012,2,5,7
832,2011-02-18 03:00:00,1,0,1,1,18.86,22.725,67,16.9979,2,6,8
833,2011-02-18 04:00:00,1,0,1,1,18.86,22.725,67,16.9979,0,1,1
834,2011-02-18 05:00:00,1,0,1,2,18.86,22.725,67,7.0015,1,6,7
835,2011-02-18 06:00:00,1,0,1,2,18.04,21.97,72,11.0014,2,48,50
836,2011-02-18 07:00:00,1,0,1,2,17.22,21.21,77,15.0013,8,108,116
837,2011-02-18 08:00:00,1,0,1,2,17.22,21.21,77,12.998,26,246,272
838,2011-02-18 09:00:00,1,0,1,2,17.22,21.21,77,12.998,15,154,169
839,2011-02-18 10:00:00,1,0,1,2,18.04,21.97,72,15.0013,17,78,95
840,2011-02-18 11:00:00,1,0,1,1,18.04,21.97,72,11.0014,31,82,113
841,2011-02-18 12:00:00,1,0,1,1,20.5,24.24,59,12.998,59,126,185
842,2011-02-18 13:00:00,1,0,1,1,24.6,31.06,43,12.998,45,131,176
843,2011-02-18 14:00:00,1,0,1,1,27.06,31.06,36,19.9995,73,118,191
844,2011-02-18 15:00:00,1,0,1,1,27.06,31.06,36,22.0028,55,117,172
845,2011-02-18 16:00:00,1,0,1,1,27.06,31.06,36,19.0012,68,164,232
846,2011-02-18 17:00:00,1,0,1,1,27.06,31.06,34,23.9994,52,275,327
847,2011-02-18 18:00:00,1,0,1,1,26.24,31.06,33,22.0028,29,195,224
848,2011-02-18 19:00:00,1,0,1,1,25.42,31.06,29,39.0007,16,146,162
849,2011-02-18 20:00:00,1,0,1,1,24.6,31.06,31,12.998,19,105,124
850,2011-02-18 21:00:00,1,0,1,1,23.78,27.275,21,32.9975,11,61,72
851,2011-02-18 22:00:00,1,0,1,1,22.14,25.76,10,16.9979,19,88,107
852,2011-02-18 23:00:00,1,0,1,1,21.32,25.0,8,19.0012,16,61,77
853,2011-02-19 00:00:00,1,0,0,1,19.68,23.485,12,32.9975,6,23,29
854,2011-02-19 01:00:00,1,0,0,1,18.86,22.725,14,27.9993,10,21,31
855,2011-02-19 02:00:00,1,0,0,1,18.04,21.97,13,26.0027,3,14,17
856,2011-02-19 03:00:00,1,0,0,1,17.22,21.21,14,19.9995,0,7,7
857,2011-02-19 04:00:00,1,0,0,1,16.4,20.455,15,22.0028,0,3,3
858,2011-02-19 05:00:00,1,0,0,1,16.4,20.455,15,22.0028,0,3,3
859,2011-02-19 06:00:00,1,0,0,1,16.4,20.455,17,27.9993,3,3,6
860,2011-02-19 07:00:00,1,0,0,1,15.58,19.695,17,35.0008,6,16,22
861,2011-02-19 08:00:00,1,0,0,1,15.58,19.695,17,39.0007,9,36,45
862,2011-02-19 09:00:00,1,0,0,1,16.4,20.455,16,43.9989,18,37,55
863,2011-02-19 10:00:00,1,0,0,1,17.22,21.21,16,39.0007,34,72,106
864,2011-02-19 11:00:00,1,0,0,1,18.04,21.97,16,39.0007,47,76,123
865,2011-02-19 12:00:00,1,0,0,1,18.04,21.97,18,32.9975,38,81,119
866,2011-02-19 13:00:00,1,0,0,1,18.04,21.97,16,40.9973,52,103,155
867,2011-02-19 14:00:00,1,0,0,1,18.86,22.725,15,43.9989,102,94,196
868,2011-02-19 15:00:00,1,0,0,1,18.04,21.97,16,50.0021,84,87,171
869,2011-02-19 16:00:00,1,0,0,1,18.04,21.97,16,43.0006,39,81,120
870,2011-02-19 17:00:00,1,0,0,1,17.22,21.21,19,40.9973,36,91,127
871,2011-02-19 18:00:00,1,0,0,1,14.76,15.91,25,30.0026,21,67,88
872,2011-02-19 19:00:00,1,0,0,1,13.94,15.15,29,23.9994,5,54,59
873,2011-02-19 20:00:00,1,0,0,1,13.12,14.395,28,35.0008,9,38,47
874,2011-02-19 21:00:00,1,0,0,1,13.12,13.635,26,36.9974,4,29,33
875,2011-02-19 22:00:00,1,0,0,1,12.3,12.88,28,32.9975,2,42,44
876,2011-02-19 23:00:00,1,0,0,1,11.48,12.12,33,30.0026,4,25,29
877,2011-03-01 00:00:00,1,0,1,1,12.3,13.635,70,31.0009,0,7,7
878,2011-03-01 01:00:00,1,0,1,1,10.66,11.365,70,23.9994,0,3,3
879,2011-03-01 02:00:00,1,0,1,1,9.84,10.605,65,26.0027,0,4,4
880,2011-03-01 03:00:00,1,0,1,1,9.02,10.605,69,19.0012,0,2,2
881,2011-03-01 04:00:00,1,0,1,1,9.02,10.605,69,16.9979,0,1,1
882,2011-03-01 05:00:00,1,0,1,1,8.2,9.09,64,19.0012,1,1,2
883,2011-03-01 06:00:00,1,0,1,1,8.2,9.09,59,19.9995,0,46,46
884,2011-03-01 07:00:00,1,0,1,1,8.2,9.09,59,22.0028,2,105,107
885,2011-03-01 08:00:00,1,0,1,1,8.2,9.09,59,26.0027,10,204,214
886,2011-03-01 09:00:00,1,0,1,1,9.02,9.85,55,27.9993,8,116,124
887,2011-03-01 10:00:00,1,0,1,1,9.84,10.605,52,19.0012,13,55,68
888,2011-03-01 11:00:00,1,0,1,1,11.48,13.635,45,16.9979,8,48,56
889,2011-03-01 12:00:00,1,0,1,1,12.3,15.15,39,8.9981,6,80,86
890,2011-03-01 13:00:00,1,0,1,1,13.12,17.425,39,0.0,13,65,78
891,2011-03-01 14:00:00,1,0,1,1,13.12,16.665,36,8.9981,18,61,79
892,2011-03-01 15:00:00,1,0,1,1,13.94,18.18,34,0.0,7,57,64
893,2011-03-01 16:00:00,1,0,1,1,13.94,17.425,34,6.0032,10,92,102
894,2011-03-01 17:00:00,1,0,1,1,13.94,17.425,34,6.0032,12,230,242
895,2011-03-01 18:00:00,1,0,1,1,13.12,15.91,39,12.998,10,214,224
896,2011-03-01 19:00:00,1,0,1,1,12.3,15.15,49,8.9981,4,115,119
897,2011-03-01 20:00:00,1,0,1,1,12.3,15.91,61,6.0032,2,86,88
898,2011-03-01 21:00:00,1,0,1,1,10.66,15.15,56,0.0,8,55,63
899,2011-03-01 22:00:00,1,0,1,1,9.84,13.635,62,7.0015,3,44,47
900,2011-03-01 23:00:00,1,0,1,1,9.84,11.365,65,15.0013,2,23,25
901,2011-03-02 00:00:00,1,0,1,1,9.02,11.365,69,11.0014,3,5,8
902,2011-03-02 01:00:00,1,0,1,1,9.02,11.365,69,12.998,0,4,4
903,2011-03-02 02:00:00,1,0,1,1,9.02,11.365,69,12.998,0,2,2
904,2011-03-02 03:00:00,1,0,1,1,9.02,10.605,69,19.0012,3,1,4
905,2011-03-02 04:00:00,1,0,1,1,8.2,10.605,75,8.9981,1,0,1
906,2011-03-02 05:00:00,1,0,1,1,9.02,10.605,69,15.0013,0,5,5
907,2011-03-02 06:00:00,1,0,1,1,9.02,10.605,55,16.9979,1,39,40
908,2011-03-02 07:00:00,1,0,1,1,9.02,10.605,64,16.9979,2,108,110
909,2011-03-02 08:00:00,1,0,1,1,9.84,10.605,65,19.0012,13,243,256
910,2011-03-02 09:00:00,1,0,1,1,11.48,12.88,56,19.9995,7,141,148
911,2011-03-02 10:00:00,1,0,1,1,13.12,15.15,49,19.0012,11,65,76
912,2011-03-02 11:00:00,1,0,1,1,13.94,15.15,53,22.0028,8,65,73
913,2011-03-02 12:00:00,1,0,1,1,16.4,20.455,43,12.998,20,62,82
914,2011-03-02 13:00:00,1,0,1,1,20.5,24.24,25,0.0,35,90,125
915,2011-03-02 14:00:00,1,0,1,1,21.32,25.0,23,19.9995,21,75,96
916,2011-03-02 15:00:00,1,0,1,1,22.14,25.76,19,27.9993,19,91,110
917,2011-03-02 16:00:00,1,0,1,1,22.14,25.76,19,22.0028,27,112,139
918,2011-03-02 17:00:00,1,0,1,1,20.5,24.24,23,19.0012,30,238,268
919,2011-03-02 18:00:00,1,0,1,1,18.86,22.725,23,32.9975,8,193,201
920,2011-03-02 19:00:00,1,0,1,1,16.4,20.455,28,35.0008,6,144,150
921,2011-03-02 20:00:00,1,0,1,1,14.76,16.665,29,27.9993,9,86,95
922,2011-03-02 21:00:00,1,0,1,1,13.94,14.395,29,31.0009,3,68,71
923,2011-03-02 22:00:00,1,0,1,1,12.3,12.88,26,36.9974,4,44,48
924,2011-03-02 23:00:00,1,0,1,1,10.66,10.605,30,35.0008,0,22,22
925,2011-03-03 00:00:00,1,0,1,1,9.84,9.85,30,31.0009,3,10,13
926,2011-03-03 01:00:00,1,0,1,1,9.84,9.85,30,31.0009,0,1,1
927,2011-03-03 02:00:00,1,0,1,1,8.2,8.335,27,31.0009,1,2,3
928,2011-03-03 03:00:00,1,0,1,1,8.2,8.335,27,31.0009,0,1,1
929,2011-03-03 04:00:00,1,0,1,1,6.56,6.06,31,32.9975,0,1,1
930,2011-03-03 05:00:00,1,0,1,1,5.74,6.06,33,19.9995,1,7,8
931,2011-03-03 06:00:00,1,0,1,1,5.74,6.06,33,19.9995,1,34,35
932,2011-03-03 07:00:00,1,0,1,1,4.92,4.545,42,27.9993,1,110,111
933,2011-03-03 08:00:00,1,0,1,1,5.74,6.06,39,19.9995,4,216,220
934,2011-03-03 09:00:00,1,0,1,1,6.56,6.82,37,19.0012,10,135,145
935,2011-03-03 10:00:00,1,0,1,1,7.38,9.09,29,12.998,7,49,56
936,2011-03-03 11:00:00,1,0,1,1,8.2,11.365,29,6.0032,10,40,50
937,2011-03-03 12:00:00,1,0,1,1,9.02,11.365,25,8.9981,7,65,72
938,2011-03-03 13:00:00,1,0,1,1,9.02,12.88,25,6.0032,13,67,80
939,2011-03-03 14:00:00,1,0,1,1,9.84,12.88,21,7.0015,18,60,78
940,2011-03-03 15:00:00,1,0,1,1,9.84,14.395,23,0.0,6,62,68
941,2011-03-03 16:00:00,1,0,1,1,10.66,15.15,23,0.0,6,65,71
942,2011-03-03 17:00:00,1,0,1,1,10.66,15.15,22,0.0,17,185,202
943,2011-03-03 18:00:00,1,0,1,1,9.84,10.605,35,22.0028,6,161,167
944,2011-03-03 19:00:00,1,0,1,1,8.2,9.85,40,16.9979,5,101,106
945,2011-03-03 20:00:00,1,0,1,1,8.2,11.365,40,6.0032,1,69,70
946,2011-03-03 21:00:00,1,0,1,1,7.38,10.605,40,7.0015,3,48,51
947,2011-03-03 22:00:00,1,0,1,1,8.2,12.88,40,0.0,3,50,53
948,2011-03-03 23:00:00,1,0,1,2,7.38,10.605,43,6.0032,0,23,23
949,2011-03-04 00:00:00,1,0,1,2,8.2,9.85,55,12.998,0,12,12
950,2011-03-04 01:00:00,1,0,1,2,7.38,9.09,64,12.998,0,4,4
951,2011-03-04 02:00:00,1,0,1,2,7.38,9.09,64,12.998,0,2,2
952,2011-03-04 03:00:00,1,0,1,2,7.38,8.335,74,16.9979,0,1,1
953,2011-03-04 04:00:00,1,0,1,2,7.38,9.09,74,12.998,1,0,1
954,2011-03-04 05:00:00,1,0,1,2,6.56,9.09,74,8.9981,0,7,7
955,2011-03-04 06:00:00,1,0,1,2,6.56,9.85,74,6.0032,1,28,29
956,2011-03-04 07:00:00,1,0,1,1,6.56,9.09,80,8.9981,0,83,83
957,2011-03-04 08:00:00,1,0,1,1,7.38,9.85,74,8.9981,6,222,228
958,2011-03-04 09:00:00,1,0,1,1,9.02,11.365,60,8.9981,12,138,150
959,2011-03-04 10:00:00,1,0,1,1,9.84,11.365,60,16.9979,10,56,66
960,2011-03-04 11:00:00,1,0,1,1,11.48,13.635,52,15.0013,16,73,89
961,2011-03-04 12:00:00,1,0,1,1,13.12,15.15,43,11.0014,10,87,97
962,2011-03-04 13:00:00,1,0,1,1,13.94,15.91,42,15.0013,13,74,87
963,2011-03-04 14:00:00,1,0,1,1,14.76,16.665,40,19.0012,30,65,95
964,2011-03-04 15:00:00,1,0,1,1,14.76,16.665,40,19.9995,31,75,106
965,2011-03-04 16:00:00,1,0,1,1,14.76,17.425,46,12.998,17,101,118
966,2011-03-04 17:00:00,1,0,1,2,14.76,16.665,50,16.9979,22,206,228
967,2011-03-04 18:00:00,1,0,1,2,13.94,15.15,53,19.9995,15,172,187
968,2011-03-04 19:00:00,1,0,1,1,13.12,15.15,61,16.9979,5,102,107
969,2011-03-04 20:00:00,1,0,1,2,12.3,14.395,70,12.998,9,78,87
970,2011-03-04 21:00:00,1,0,1,2,12.3,14.395,70,15.0013,6,64,70
971,2011-03-04 22:00:00,1,0,1,1,12.3,14.395,70,12.998,4,40,44
972,2011-03-04 23:00:00,1,0,1,2,12.3,15.15,75,11.0014,6,40,46
973,2011-03-05 00:00:00,1,0,0,2,11.48,14.395,81,7.0015,4,15,19
974,2011-03-05 01:00:00,1,0,0,2,12.3,15.91,81,7.0015,5,20,25
975,2011-03-05 02:00:00,1,0,0,2,12.3,14.395,87,12.998,5,15,20
976,2011-03-05 03:00:00,1,0,0,2,12.3,14.395,87,12.998,0,2,2
977,2011-03-05 04:00:00,1,0,0,2,12.3,15.15,93,11.0014,0,1,1
978,2011-03-05 05:00:00,1,0,0,2,12.3,15.15,100,8.9981,0,3,3
979,2011-03-05 06:00:00,1,0,0,2,12.3,14.395,100,15.0013,1,3,4
980,2011-03-05 07:00:00,1,0,0,2,12.3,13.635,100,19.9995,5,10,15
981,2011-03-05 08:00:00,1,0,0,2,12.3,13.635,100,19.9995,11,34,45
982,2011-03-05 09:00:00,1,0,0,2,13.12,15.15,93,15.0013,15,48,63
983,2011-03-05 10:00:00,1,0,0,2,13.94,16.665,93,12.998,34,69,103
984,2011-03-05 11:00:00,1,0,0,2,16.4,20.455,76,15.0013,43,116,159
985,2011-03-05 12:00:00,1,0,0,2,18.04,21.97,67,16.9979,46,121,167
986,2011-03-05 13:00:00,1,0,0,2,18.86,22.725,67,19.0012,60,130,190
987,2011-03-05 14:00:00,1,0,0,2,19.68,23.485,59,19.0012,80,118,198
988,2011-03-05 15:00:00,1,0,0,2,18.86,22.725,63,19.9995,83,122,205
989,2011-03-05 16:00:00,1,0,0,2,19.68,23.485,59,19.9995,74,130,204
990,2011-03-05 17:00:00,1,0,0,2,19.68,23.485,59,23.9994,60,104,164
991,2011-03-05 18:00:00,1,0,0,2,19.68,23.485,59,22.0028,37,115,152
992,2011-03-05 19:00:00,1,0,0,2,18.86,22.725,67,22.0028,27,62,89
993,2011-03-05 20:00:00,1,0,0,2,18.04,21.97,77,22.0028,12,58,70
994,2011-03-05 21:00:00,1,0,0,2,18.04,21.97,72,22.0028,12,60,72
995,2011-03-05 22:00:00,1,0,0,2,17.22,21.21,77,19.9995,16,47,63
996,2011-03-05 23:00:00,1,0,0,2,18.04,21.97,77,19.9995,10,34,44
997,2011-03-06 00:00:00,1,0,0,2,17.22,21.21,77,23.9994,11,41,52
998,2011-03-06 01:00:00,1,0,0,2,17.22,21.21,77,19.0012,12,27,39
999,2011-03-06 02:00:00,1,0,0,2,16.4,20.455,82,19.0012,5,27,32
1000,2011-03-06 03:00:00,1,0,0,2,17.22,21.21,82,19.9995,2,9,11
1001,2011-03-06 04:00:00,1,0,0,2,17.22,21.21,88,23.9994,0,3,3
1002,2011-03-06 06:00:00,1,0,0,2,17.22,21.21,94,23.9994,1,1,2
1003,2011-03-06 07:00:00,1,0,0,3,17.22,21.21,100,30.0026,0,5,5
1004,2011-03-06 08:00:00,1,0,0,2,16.4,20.455,100,19.9995,1,8,9
1005,2011-03-06 09:00:00,1,0,0,2,17.22,21.21,100,19.0012,4,18,22
1006,2011-03-06 10:00:00,1,0,0,2,17.22,21.21,100,19.9995,4,27,31
1007,2011-03-06 11:00:00,1,0,0,2,17.22,21.21,100,15.0013,18,44,62
1008,2011-03-06 12:00:00,1,0,0,2,18.86,22.725,94,22.0028,10,69,79
1009,2011-03-06 13:00:00,1,0,0,2,18.86,22.725,94,23.9994,22,83,105
1010,2011-03-06 14:00:00,1,0,0,3,18.04,21.97,100,15.0013,12,27,39
1011,2011-03-06 15:00:00,1,0,0,3,18.04,21.97,100,15.0013,3,4,7
1012,2011-03-06 16:00:00,1,0,0,3,14.76,16.665,100,19.0012,3,8,11
1013,2011-03-06 17:00:00,1,0,0,3,13.94,15.15,100,19.9995,2,23,25
1014,2011-03-06 18:00:00,1,0,0,3,13.12,14.395,100,23.9994,0,23,23
1015,2011-03-06 19:00:00,1,0,0,3,12.3,12.88,100,32.9975,0,11,11
1016,2011-03-06 20:00:00,1,0,0,3,11.48,12.12,100,27.9993,3,8,11
1017,2011-03-06 21:00:00,1,0,0,3,9.84,9.09,93,40.9973,1,6,7
1018,2011-03-06 22:00:00,1,0,0,2,9.02,9.85,100,26.0027,0,10,10
1019,2011-03-06 23:00:00,1,0,0,2,9.02,9.85,100,27.9993,0,9,9
1020,2011-03-07 00:00:00,1,0,1,3,8.2,9.09,100,22.0028,0,4,4
1021,2011-03-07 01:00:00,1,0,1,3,8.2,9.09,100,22.0028,0,2,2
1022,2011-03-07 03:00:00,1,0,1,1,8.2,7.575,80,39.0007,0,1,1
1023,2011-03-07 04:00:00,1,0,1,1,8.2,7.575,80,35.0008,1,0,1
1024,2011-03-07 05:00:00,1,0,1,1,8.2,9.09,75,23.9994,0,1,1
1025,2011-03-07 06:00:00,1,0,1,1,8.2,9.09,75,26.0027,3,31,34
1026,2011-03-07 07:00:00,1,0,1,1,8.2,8.335,75,27.9993,3,88,91
1027,2011-03-07 08:00:00,1,0,1,1,8.2,9.09,75,26.0027,11,200,211
1028,2011-03-07 09:00:00,1,0,1,1,9.02,9.09,64,31.0009,5,129,134
1029,2011-03-07 10:00:00,1,0,1,1,9.84,10.605,60,19.9995,15,43,58
1030,2011-03-07 11:00:00,1,0,1,1,10.66,10.605,48,30.0026,19,41,60
1031,2011-03-07 12:00:00,1,0,1,1,12.3,13.635,42,27.9993,28,68,96
1032,2011-03-07 13:00:00,1,0,1,1,13.12,14.395,36,26.0027,16,54,70
1033,2011-03-07 14:00:00,1,0,1,1,13.12,14.395,36,27.9993,21,56,77
1034,2011-03-07 15:00:00,1,0,1,1,13.94,15.15,31,26.0027,32,64,96
1035,2011-03-07 16:00:00,1,0,1,1,13.94,15.15,31,23.9994,26,96,122
1036,2011-03-07 17:00:00,1,0,1,1,13.94,15.15,29,23.9994,27,206,233
1037,2011-03-07 18:00:00,1,0,1,1,13.12,15.15,31,15.0013,19,214,233
1038,2011-03-07 19:00:00,1,0,1,1,12.3,14.395,33,15.0013,11,134,145
1039,2011-03-07 20:00:00,1,0,1,1,12.3,15.15,33,11.0014,5,87,92
1040,2011-03-07 21:00:00,1,0,1,1,11.48,13.635,38,15.0013,1,53,54
1041,2011-03-07 22:00:00,1,0,1,1,10.66,12.88,48,11.0014,1,34,35
1042,2011-03-07 23:00:00,1,0,1,1,11.48,15.91,48,0.0,0,22,22
1043,2011-03-08 00:00:00,1,0,1,1,10.66,14.395,48,6.0032,1,9,10
1044,2011-03-08 01:00:00,1,0,1,1,9.84,12.12,52,8.9981,0,4,4
1045,2011-03-08 02:00:00,1,0,1,1,9.84,12.12,52,8.9981,1,0,1
1046,2011-03-08 03:00:00,1,0,1,1,9.84,12.88,52,6.0032,5,2,7
1047,2011-03-08 04:00:00,1,0,1,1,9.02,13.635,64,0.0,0,2,2
1048,2011-03-08 05:00:00,1,0,1,1,8.2,11.365,69,7.0015,2,8,10
1049,2011-03-08 06:00:00,1,0,1,1,8.2,12.88,59,0.0,3,42,45
1050,2011-03-08 07:00:00,1,0,1,1,7.38,9.85,64,8.9981,9,119,128
1051,2011-03-08 08:00:00,1,0,1,1,9.02,11.365,55,12.998,10,247,257
1052,2011-03-08 09:00:00,1,0,1,1,10.66,12.88,41,11.0014,11,140,151
1053,2011-03-08 10:00:00,1,0,1,2,12.3,14.395,33,12.998,25,46,71
1054,2011-03-08 11:00:00,1,0,1,2,14.76,17.425,25,11.0014,26,52,78
1055,2011-03-08 12:00:00,1,0,1,2,14.76,18.94,23,0.0,29,70,99
1056,2011-03-08 13:00:00,1,0,1,2,15.58,19.695,25,7.0015,25,73,98
1057,2011-03-08 14:00:00,1,0,1,2,15.58,19.695,20,0.0,16,56,72
1058,2011-03-08 15:00:00,1,0,1,2,14.76,18.94,18,0.0,35,77,112
1059,2011-03-08 16:00:00,1,0,1,1,15.58,19.695,27,11.0014,26,82,108
1060,2011-03-08 17:00:00,1,0,1,1,14.76,17.425,27,15.0013,39,209,248
1061,2011-03-08 18:00:00,1,0,1,1,13.94,16.665,27,12.998,21,214,235
1062,2011-03-08 19:00:00,1,0,1,1,13.94,17.425,31,7.0015,9,141,150
1063,2011-03-08 20:00:00,1,0,1,1,13.12,16.665,39,6.0032,2,74,76
1064,2011-03-08 21:00:00,1,0,1,1,12.3,14.395,49,12.998,7,68,75
1065,2011-03-08 22:00:00,1,0,1,1,12.3,14.395,49,15.0013,11,44,55
1066,2011-03-08 23:00:00,1,0,1,1,11.48,13.635,61,12.998,3,38,41
1067,2011-03-09 00:00:00,1,0,1,1,10.66,14.395,65,6.0032,0,9,9
1068,2011-03-09 01:00:00,1,0,1,1,10.66,13.635,52,8.9981,0,4,4
1069,2011-03-09 02:00:00,1,0,1,1,10.66,13.635,52,8.9981,1,1,2
1070,2011-03-09 03:00:00,1,0,1,1,9.84,12.88,70,6.0032,1,2,3
1071,2011-03-09 04:00:00,1,0,1,1,9.84,12.88,75,7.0015,0,2,2
1072,2011-03-09 05:00:00,1,0,1,2,9.84,12.12,81,8.9981,1,7,8
1073,2011-03-09 06:00:00,1,0,1,2,9.84,12.88,85,7.0015,5,44,49
1074,2011-03-09 07:00:00,1,0,1,2,9.84,12.12,87,11.0014,18,123,141
1075,2011-03-09 08:00:00,1,0,1,2,9.84,12.12,87,8.9981,11,238,249
1076,2011-03-09 09:00:00,1,0,1,2,10.66,12.12,87,16.9979,5,136,141
1077,2011-03-09 10:00:00,1,0,1,2,12.3,14.395,75,16.9979,8,49,57
1078,2011-03-09 11:00:00,1,0,1,2,13.12,14.395,76,26.0027,15,44,59
1079,2011-03-09 12:00:00,1,0,1,2,13.12,15.15,76,16.9979,14,84,98
1080,2011-03-09 13:00:00,1,0,1,2,13.12,14.395,76,23.9994,17,82,99
1081,2011-03-09 14:00:00,1,0,1,2,13.94,15.15,76,19.9995,10,61,71
1082,2011-03-09 15:00:00,1,0,1,2,14.76,16.665,71,19.9995,15,64,79
1083,2011-03-09 16:00:00,1,0,1,2,13.94,15.15,76,22.0028,10,102,112
1084,2011-03-09 17:00:00,1,0,1,2,13.94,15.15,76,19.9995,18,176,194
1085,2011-03-09 18:00:00,1,0,1,2,13.94,15.91,76,16.9979,12,176,188
1086,2011-03-09 19:00:00,1,0,1,2,13.94,15.15,76,22.0028,11,123,134
1087,2011-03-09 20:00:00,1,0,1,2,13.12,15.91,87,12.998,4,87,91
1088,2011-03-09 21:00:00,1,0,1,2,13.12,15.15,93,22.0028,10,52,62
1089,2011-03-09 22:00:00,1,0,1,3,13.12,15.91,93,11.0014,4,17,21
1090,2011-03-09 23:00:00,1,0,1,3,13.94,16.665,93,12.998,1,17,18
1091,2011-03-10 00:00:00,1,0,1,3,13.94,15.91,0,16.9979,3,0,3
1092,2011-03-10 01:00:00,1,0,1,3,13.94,15.91,0,16.9979,0,2,2
1093,2011-03-10 02:00:00,1,0,1,3,13.94,15.91,0,16.9979,0,1,1
1094,2011-03-10 05:00:00,1,0,1,3,14.76,17.425,0,12.998,1,2,3
1095,2011-03-10 06:00:00,1,0,1,3,14.76,16.665,0,22.0028,0,12,12
1096,2011-03-10 07:00:00,1,0,1,3,15.58,19.695,0,15.0013,1,36,37
1097,2011-03-10 08:00:00,1,0,1,3,15.58,19.695,0,19.0012,1,43,44
1098,2011-03-10 09:00:00,1,0,1,3,16.4,20.455,0,15.0013,1,23,24
1099,2011-03-10 10:00:00,1,0,1,3,16.4,20.455,0,11.0014,0,17,17
1100,2011-03-10 11:00:00,1,0,1,3,16.4,20.455,0,16.9979,6,5,11
1101,2011-03-10 12:00:00,1,0,1,3,17.22,21.21,0,15.0013,4,30,34
1102,2011-03-10 13:00:00,1,0,1,3,17.22,21.21,0,15.0013,1,11,12
1103,2011-03-10 14:00:00,1,0,1,3,18.04,21.97,0,19.9995,0,12,12
1104,2011-03-10 15:00:00,1,0,1,3,18.04,21.97,0,15.0013,3,11,14
1105,2011-03-10 16:00:00,1,0,1,3,17.22,21.21,0,16.9979,1,20,21
1106,2011-03-10 17:00:00,1,0,1,2,18.04,21.97,0,26.0027,2,109,111
1107,2011-03-10 18:00:00,1,0,1,3,18.04,21.97,0,23.9994,2,80,82
1108,2011-03-10 19:00:00,1,0,1,3,18.04,21.97,0,39.0007,5,51,56
1109,2011-03-10 20:00:00,1,0,1,3,14.76,16.665,0,22.0028,9,29,38
1110,2011-03-10 21:00:00,1,0,1,3,14.76,17.425,0,15.0013,1,27,28
1111,2011-03-10 22:00:00,1,0,1,2,13.94,16.665,0,8.9981,4,30,34
1112,2011-03-10 23:00:00,1,0,1,3,13.94,17.425,0,6.0032,1,26,27
1113,2011-03-11 00:00:00,1,0,1,2,13.94,17.425,100,6.0032,0,6,6
1114,2011-03-11 01:00:00,1,0,1,3,13.94,17.425,100,7.0015,0,8,8
1115,2011-03-11 02:00:00,1,0,1,3,13.94,17.425,100,7.0015,2,3,5
1116,2011-03-11 03:00:00,1,0,1,2,13.12,16.665,93,6.0032,0,2,2
1117,2011-03-11 05:00:00,1,0,1,1,12.3,14.395,81,15.0013,1,6,7
1118,2011-03-11 06:00:00,1,0,1,1,10.66,12.12,81,19.0012,1,31,32
1119,2011-03-11 07:00:00,1,0,1,1,10.66,12.88,70,12.998,10,104,114
1120,2011-03-11 08:00:00,1,0,1,1,11.48,13.635,70,16.9979,15,244,259
1121,2011-03-11 09:00:00,1,0,1,2,12.3,14.395,61,19.0012,13,143,156
1122,2011-03-11 10:00:00,1,0,1,2,13.12,15.15,57,19.9995,18,60,78
1123,2011-03-11 11:00:00,1,0,1,2,13.12,15.15,57,19.9995,14,67,81
1124,2011-03-11 12:00:00,1,0,1,2,13.94,15.91,53,16.9979,15,96,111
1125,2011-03-11 13:00:00,1,0,1,1,14.76,16.665,53,16.9979,15,92,107
1126,2011-03-11 14:00:00,1,0,1,2,14.76,16.665,50,23.9994,25,64,89
1127,2011-03-11 15:00:00,1,0,1,2,13.94,15.91,53,16.9979,21,64,85
1128,2011-03-11 16:00:00,1,0,1,2,13.94,15.15,49,19.9995,18,95,113
1129,2011-03-11 17:00:00,1,0,1,1,13.94,15.91,49,15.0013,23,200,223
1130,2011-03-11 18:00:00,1,0,1,1,13.12,15.15,49,22.0028,19,134,153
1131,2011-03-11 19:00:00,1,0,1,1,12.3,13.635,56,22.0028,7,111,118
1132,2011-03-11 20:00:00,1,0,1,1,12.3,15.15,56,11.0014,6,70,76
1133,2011-03-11 21:00:00,1,0,1,2,12.3,14.395,52,16.9979,10,43,53
1134,2011-03-11 22:00:00,1,0,1,1,12.3,15.15,52,11.0014,11,53,64
1135,2011-03-11 23:00:00,1,0,1,1,12.3,14.395,52,16.9979,3,34,37
1136,2011-03-12 00:00:00,1,0,0,1,10.66,13.635,60,8.9981,4,30,34
1137,2011-03-12 01:00:00,1,0,0,1,9.84,11.365,65,12.998,3,15,18
1138,2011-03-12 02:00:00,1,0,0,1,9.84,11.365,65,12.998,0,14,14
1139,2011-03-12 03:00:00,1,0,0,1,9.84,11.365,65,16.9979,1,6,7
1140,2011-03-12 04:00:00,1,0,0,1,9.84,11.365,65,16.9979,0,1,1
1141,2011-03-12 05:00:00,1,0,0,1,9.02,11.365,69,12.998,0,2,2
1142,2011-03-12 06:00:00,1,0,0,1,9.02,10.605,75,16.9979,2,2,4
1143,2011-03-12 07:00:00,1,0,0,1,9.84,11.365,70,12.998,4,19,23
1144,2011-03-12 08:00:00,1,0,0,1,10.66,12.88,65,11.0014,9,44,53
1145,2011-03-12 09:00:00,1,0,0,1,11.48,14.395,65,7.0015,25,76,101
1146,2011-03-12 10:00:00,1,0,0,1,13.12,15.15,66,15.0013,21,78,99
1147,2011-03-12 11:00:00,1,0,0,1,13.94,15.15,49,22.0028,36,83,119
1148,2011-03-12 12:00:00,1,0,0,1,13.94,15.91,53,19.0012,51,107,158
1149,2011-03-12 13:00:00,1,0,0,1,14.76,16.665,51,23.9994,62,95,157
1150,2011-03-12 14:00:00,1,0,0,1,16.4,20.455,50,30.0026,70,96,166
1151,2011-03-12 15:00:00,1,0,0,1,17.22,21.21,44,32.9975,81,101,182
1152,2011-03-12 16:00:00,1,0,0,1,18.86,22.725,41,30.0026,100,144,244
1153,2011-03-12 17:00:00,1,0,0,1,18.86,22.725,44,22.0028,99,114,213
1154,2011-03-12 18:00:00,1,0,0,1,17.22,21.21,54,11.0014,54,91,145
1155,2011-03-12 19:00:00,1,0,0,1,17.22,21.21,54,6.0032,26,86,112
1156,2011-03-12 20:00:00,1,0,0,1,16.4,20.455,58,7.0015,22,64,86
1157,2011-03-12 21:00:00,1,0,0,1,15.58,19.695,62,0.0,36,46,82
1158,2011-03-12 22:00:00,1,0,0,1,14.76,18.94,71,0.0,7,56,63
1159,2011-03-12 23:00:00,1,0,0,1,15.58,19.695,66,6.0032,11,38,49
1160,2011-03-13 00:00:00,1,0,0,1,15.58,19.695,62,7.0015,3,35,38
1161,2011-03-13 01:00:00,1,0,0,1,14.76,17.425,66,8.9981,10,23,33
1162,2011-03-13 03:00:00,1,0,0,1,13.94,16.665,76,8.9981,6,17,23
1163,2011-03-13 04:00:00,1,0,0,1,13.94,16.665,66,11.0014,4,9,13
1164,2011-03-13 05:00:00,1,0,0,1,14.76,17.425,62,8.9981,0,3,3
1165,2011-03-13 06:00:00,1,0,0,1,13.94,18.18,66,0.0,0,2,2
1166,2011-03-13 07:00:00,1,0,0,1,14.76,17.425,62,12.998,2,8,10
1167,2011-03-13 08:00:00,1,0,0,1,16.4,20.455,50,19.9995,11,23,34
1168,2011-03-13 09:00:00,1,0,0,1,16.4,20.455,50,27.9993,8,36,44
1169,2011-03-13 10:00:00,1,0,0,1,17.22,21.21,47,16.9979,36,86,122
1170,2011-03-13 11:00:00,1,0,0,1,18.04,21.97,41,27.9993,88,93,181
1171,2011-03-13 12:00:00,1,0,0,1,18.86,22.725,38,26.0027,74,120,194
1172,2011-03-13 13:00:00,1,0,0,1,18.86,22.725,38,26.0027,97,124,221
1173,2011-03-13 14:00:00,1,0,0,1,18.86,22.725,41,19.9995,144,106,250
1174,2011-03-13 15:00:00,1,0,0,1,19.68,23.485,39,22.0028,149,155,304
1175,2011-03-13 16:00:00,1,0,0,1,18.86,22.725,41,26.0027,124,132,256
1176,2011-03-13 17:00:00,1,0,0,1,18.04,21.97,41,23.9994,98,143,241
1177,2011-03-13 18:00:00,1,0,0,1,16.4,20.455,43,23.9994,55,92,147
1178,2011-03-13 19:00:00,1,0,0,1,14.76,16.665,50,23.9994,28,73,101
1179,2011-03-13 20:00:00,1,0,0,1,13.12,15.15,57,19.9995,23,54,77
1180,2011-03-13 21:00:00,1,0,0,1,12.3,14.395,56,16.9979,9,49,58
1181,2011-03-13 22:00:00,1,0,0,1,12.3,13.635,56,22.0028,8,29,37
1182,2011-03-13 23:00:00,1,0,0,1,10.66,12.88,65,15.0013,5,23,28
1183,2011-03-14 00:00:00,1,0,1,1,10.66,13.635,65,7.0015,4,7,11
1184,2011-03-14 01:00:00,1,0,1,1,10.66,14.395,65,6.0032,0,1,1
1185,2011-03-14 02:00:00,1,0,1,1,10.66,14.395,65,6.0032,0,1,1
1186,2011-03-14 03:00:00,1,0,1,1,10.66,13.635,65,8.9981,0,3,3
1187,2011-03-14 05:00:00,1,0,1,1,9.84,12.12,70,8.9981,0,8,8
1188,2011-03-14 06:00:00,1,0,1,1,10.66,13.635,65,8.9981,1,27,28
1189,2011-03-14 07:00:00,1,0,1,2,11.48,15.91,61,0.0,4,84,88
1190,2011-03-14 08:00:00,1,0,1,2,12.3,15.15,56,8.9981,24,217,241
1191,2011-03-14 09:00:00,1,0,1,1,13.12,15.15,53,22.0028,13,127,140
1192,2011-03-14 10:00:00,1,0,1,1,13.94,15.91,42,16.9979,27,57,84
1193,2011-03-14 11:00:00,1,0,1,1,14.76,16.665,40,16.9979,26,45,71
1194,2011-03-14 12:00:00,1,0,1,1,15.58,19.695,37,0.0,40,54,94
1195,2011-03-14 13:00:00,1,0,1,1,15.58,19.695,36,22.0028,24,51,75
1196,2011-03-14 14:00:00,1,0,1,2,15.58,19.695,34,0.0,27,52,79
1197,2011-03-14 15:00:00,1,0,1,1,15.58,19.695,37,11.0014,24,77,101
1198,2011-03-14 16:00:00,1,0,1,1,16.4,20.455,35,7.0015,27,80,107
1199,2011-03-14 17:00:00,1,0,1,1,15.58,19.695,40,12.998,42,229,271
1200,2011-03-14 18:00:00,1,0,1,1,14.76,18.18,40,7.0015,25,210,235
1201,2011-03-14 19:00:00,1,0,1,1,14.76,17.425,43,8.9981,17,133,150
1202,2011-03-14 20:00:00,1,0,1,1,13.94,15.91,46,15.0013,23,106,129
1203,2011-03-14 21:00:00,1,0,1,1,13.94,16.665,46,8.9981,5,58,63
1204,2011-03-14 22:00:00,1,0,1,1,13.12,16.665,49,7.0015,4,43,47
1205,2011-03-14 23:00:00,1,0,1,1,13.12,17.425,53,0.0,2,17,19
1206,2011-03-15 00:00:00,1,0,1,1,13.12,17.425,53,0.0,7,7,14
1207,2011-03-15 01:00:00,1,0,1,1,12.3,15.15,62,6.0032,4,6,10
1208,2011-03-15 02:00:00,1,0,1,1,12.3,15.15,62,6.0032,1,2,3
1209,2011-03-15 04:00:00,1,0,1,1,9.84,12.88,75,6.0032,1,1,2
1210,2011-03-15 05:00:00,1,0,1,1,9.84,11.365,75,12.998,0,11,11
1211,2011-03-15 06:00:00,1,0,1,1,9.02,11.365,80,12.998,3,32,35
1212,2011-03-15 07:00:00,1,0,1,1,9.84,12.12,75,11.0014,10,109,119
1213,2011-03-15 08:00:00,1,0,1,1,10.66,14.395,70,6.0032,23,259,282
1214,2011-03-15 09:00:00,1,0,1,2,12.3,16.665,70,0.0,10,147,157
1215,2011-03-15 10:00:00,1,0,1,2,13.12,15.91,66,12.998,22,56,78
1216,2011-03-15 11:00:00,1,0,1,2,13.94,15.91,57,15.0013,27,51,78
1217,2011-03-15 12:00:00,1,0,1,2,14.76,17.425,50,15.0013,32,70,102
1218,2011-03-15 13:00:00,1,0,1,2,14.76,16.665,57,19.0012,23,74,97
1219,2011-03-15 14:00:00,1,0,1,2,15.58,19.695,46,19.9995,14,74,88
1220,2011-03-15 15:00:00,1,0,1,2,15.58,19.695,43,19.0012,24,66,90
1221,2011-03-15 16:00:00,1,0,1,2,15.58,19.695,46,22.0028,21,93,114
1222,2011-03-15 17:00:00,1,0,1,2,14.76,17.425,62,12.998,22,195,217
1223,2011-03-15 18:00:00,1,0,1,2,14.76,16.665,62,19.9995,18,207,225
1224,2011-03-15 19:00:00,1,0,1,2,13.94,15.91,71,19.0012,14,138,152
1225,2011-03-15 20:00:00,1,0,1,2,13.94,15.91,71,19.0012,9,79,88
1226,2011-03-15 21:00:00,1,0,1,3,13.12,16.665,81,7.0015,2,53,55
1227,2011-03-15 22:00:00,1,0,1,2,13.12,15.91,87,11.0014,1,20,21
1228,2011-03-15 23:00:00,1,0,1,2,13.12,15.91,87,11.0014,1,17,18
1229,2011-03-16 00:00:00,1,0,1,3,12.3,14.395,93,16.9979,0,8,8
1230,2011-03-16 01:00:00,1,0,1,3,12.3,13.635,100,19.9995,1,2,3
1231,2011-03-16 03:00:00,1,0,1,2,11.48,13.635,100,15.0013,1,2,3
1232,2011-03-16 04:00:00,1,0,1,2,12.3,15.15,93,11.0014,0,1,1
1233,2011-03-16 05:00:00,1,0,1,2,12.3,15.91,93,7.0015,0,3,3
1234,2011-03-16 06:00:00,1,0,1,2,12.3,15.91,93,7.0015,1,30,31
1235,2011-03-16 07:00:00,1,0,1,2,12.3,14.395,93,12.998,10,101,111
1236,2011-03-16 08:00:00,1,0,1,2,13.12,15.91,93,0.0,26,227,253
1237,2011-03-16 09:00:00,1,0,1,2,13.12,16.665,93,8.9981,10,144,154
1238,2011-03-16 10:00:00,1,0,1,2,14.76,17.425,81,11.0014,19,49,68
1239,2011-03-16 11:00:00,1,0,1,2,14.76,17.425,81,8.9981,13,62,75
1240,2011-03-16 12:00:00,1,0,1,2,16.4,20.455,71,7.0015,23,65,88
1241,2011-03-16 13:00:00,1,0,1,2,16.4,20.455,76,8.9981,18,81,99
1242,2011-03-16 14:00:00,1,0,1,2,16.4,20.455,76,15.0013,33,67,100
1243,2011-03-16 15:00:00,1,0,1,2,16.4,20.455,76,16.9979,22,79,101
1244,2011-03-16 16:00:00,1,0,1,2,16.4,20.455,76,11.0014,30,121,151
1245,2011-03-16 17:00:00,1,0,1,2,18.04,21.97,54,19.9995,37,216,253
1246,2011-03-16 18:00:00,1,0,1,2,18.04,21.97,54,15.0013,26,211,237
1247,2011-03-16 19:00:00,1,0,1,2,18.04,21.97,51,22.0028,18,150,168
1248,2011-03-16 20:00:00,1,0,1,2,17.22,21.21,54,19.9995,10,111,121
1249,2011-03-16 21:00:00,1,0,1,2,17.22,21.21,58,19.0012,3,75,78
1250,2011-03-16 22:00:00,1,0,1,2,16.4,20.455,62,26.0027,11,48,59
1251,2011-03-16 23:00:00,1,0,1,1,16.4,20.455,65,12.998,9,18,27
1252,2011-03-17 00:00:00,1,0,1,1,15.58,19.695,66,16.9979,4,19,23
1253,2011-03-17 01:00:00,1,0,1,1,14.76,17.425,71,15.0013,1,11,12
1254,2011-03-17 02:00:00,1,0,1,1,13.94,15.15,71,19.9995,3,5,8
1255,2011-03-17 03:00:00,1,0,1,1,13.94,16.665,66,11.0014,1,1,2
1256,2011-03-17 04:00:00,1,0,1,1,13.94,16.665,71,12.998,0,3,3
1257,2011-03-17 05:00:00,1,0,1,1,13.12,16.665,76,7.0015,0,13,13
1258,2011-03-17 06:00:00,1,0,1,1,13.12,15.91,76,12.998,4,47,51
1259,2011-03-17 07:00:00,1,0,1,1,13.12,16.665,76,8.9981,12,128,140
1260,2011-03-17 08:00:00,1,0,1,1,14.76,17.425,66,8.9981,17,282,299
1261,2011-03-17 09:00:00,1,0,1,1,16.4,20.455,62,16.9979,23,162,185
1262,2011-03-17 10:00:00,1,0,1,1,18.04,21.97,54,22.0028,9,69,78
1263,2011-03-17 11:00:00,1,0,1,1,18.04,21.97,54,19.0012,20,66,86
1264,2011-03-17 12:00:00,1,0,1,1,20.5,24.24,45,15.0013,24,81,105
1265,2011-03-17 13:00:00,1,0,1,2,21.32,25.0,42,6.0032,26,85,111
1266,2011-03-17 14:00:00,1,0,1,1,20.5,24.24,45,7.0015,32,87,119
1267,2011-03-17 15:00:00,1,0,1,1,21.32,25.0,42,16.9979,30,95,125
1268,2011-03-17 16:00:00,1,0,1,1,20.5,24.24,48,19.0012,34,108,142
1269,2011-03-17 17:00:00,1,0,1,1,20.5,24.24,42,12.998,48,265,313
1270,2011-03-17 18:00:00,1,0,1,2,18.86,22.725,59,11.0014,50,260,310
1271,2011-03-17 19:00:00,1,0,1,1,18.04,21.97,58,12.998,18,189,207
1272,2011-03-17 20:00:00,1,0,1,1,17.22,21.21,67,15.0013,25,112,137
1273,2011-03-17 21:00:00,1,0,1,1,17.22,21.21,62,15.0013,19,119,138
1274,2011-03-17 22:00:00,1,0,1,1,16.4,20.455,66,15.0013,17,70,87
1275,2011-03-17 23:00:00,1,0,1,1,17.22,21.21,62,19.0012,7,43,50
1276,2011-03-18 00:00:00,1,0,1,1,17.22,21.21,58,19.0012,5,24,29
1277,2011-03-18 01:00:00,1,0,1,1,16.4,20.455,62,16.9979,4,12,16
1278,2011-03-18 02:00:00,1,0,1,1,16.4,20.455,62,12.998,5,9,14
1279,2011-03-18 03:00:00,1,0,1,1,14.76,17.425,71,12.998,1,4,5
1280,2011-03-18 05:00:00,1,0,1,1,15.58,19.695,66,11.0014,2,8,10
1281,2011-03-18 06:00:00,1,0,1,1,16.4,20.455,66,12.998,1,35,36
1282,2011-03-18 07:00:00,1,0,1,1,16.4,20.455,66,12.998,11,112,123
1283,2011-03-18 08:00:00,1,0,1,1,17.22,21.21,67,16.9979,24,256,280
1284,2011-03-18 09:00:00,1,0,1,1,18.86,22.725,63,15.0013,18,192,210
1285,2011-03-18 10:00:00,1,0,1,1,21.32,25.0,53,19.0012,43,74,117
1286,2011-03-18 11:00:00,1,0,1,1,22.14,25.76,52,19.0012,55,104,159
1287,2011-03-18 12:00:00,1,0,1,2,22.96,26.515,49,23.9994,72,123,195
1288,2011-03-18 13:00:00,1,0,1,1,26.24,31.06,41,19.0012,57,118,175
1289,2011-03-18 14:00:00,1,0,1,1,27.06,31.06,39,16.9979,71,103,174
1290,2011-03-18 15:00:00,1,0,1,2,27.88,31.82,39,23.9994,62,111,173
1291,2011-03-18 16:00:00,1,0,1,1,27.88,31.82,39,19.0012,67,137,204
1292,2011-03-18 17:00:00,1,0,1,1,28.7,31.82,37,22.0028,95,237,332
1293,2011-03-18 18:00:00,1,0,1,1,27.88,31.82,39,11.0014,84,247,331
1294,2011-03-18 19:00:00,1,0,1,1,27.06,31.06,44,8.9981,58,132,190
1295,2011-03-18 20:00:00,1,0,1,1,25.42,31.06,46,8.9981,46,103,149
1296,2011-03-18 21:00:00,1,0,1,1,25.42,31.06,46,7.0015,22,91,113
1297,2011-03-18 22:00:00,1,0,1,1,25.42,31.06,50,11.0014,55,63,118
1298,2011-03-18 23:00:00,1,0,1,2,24.6,31.06,53,15.0013,26,60,86
1299,2011-03-19 00:00:00,1,0,0,2,24.6,31.06,53,16.9979,26,50,76
1300,2011-03-19 01:00:00,1,0,0,2,23.78,27.275,46,23.9994,16,35,51
1301,2011-03-19 02:00:00,1,0,0,2,22.96,26.515,43,15.0013,5,20,25
1302,2011-03-19 03:00:00,1,0,0,2,22.14,25.76,39,22.0028,1,7,8
1303,2011-03-19 04:00:00,1,0,0,1,21.32,25.0,34,27.9993,1,2,3
1304,2011-03-19 05:00:00,1,0,0,1,21.32,25.0,34,27.9993,0,2,2
1305,2011-03-19 06:00:00,1,0,0,1,18.04,21.97,44,27.9993,0,10,10
1306,2011-03-19 07:00:00,1,0,0,1,16.4,20.455,50,22.0028,4,9,13
1307,2011-03-19 08:00:00,1,0,0,1,17.22,21.21,47,32.9975,11,37,48
1308,2011-03-19 09:00:00,1,0,0,1,17.22,21.21,44,31.0009,35,41,76
1309,2011-03-19 10:00:00,1,0,0,1,18.04,21.97,38,27.9993,55,85,140
1310,2011-03-19 11:00:00,1,0,0,1,18.86,22.725,36,30.0026,90,106,196
1311,2011-03-19 12:00:00,1,0,0,1,18.86,22.725,33,27.9993,126,141,267
1312,2011-03-19 13:00:00,1,0,0,1,20.5,24.24,34,31.0009,174,127,301
1313,2011-03-19 14:00:00,1,0,0,1,20.5,24.24,31,32.9975,168,144,312
1314,2011-03-19 15:00:00,1,0,0,1,20.5,24.24,29,27.9993,170,143,313
1315,2011-03-19 16:00:00,1,0,0,1,20.5,24.24,31,26.0027,175,129,304
1316,2011-03-19 17:00:00,1,0,0,1,19.68,23.485,31,22.0028,138,140,278
1317,2011-03-19 18:00:00,1,0,0,1,18.86,22.725,31,22.0028,92,125,217
1318,2011-03-19 19:00:00,1,0,0,1,18.04,21.97,33,19.0012,38,116,154
1319,2011-03-19 20:00:00,1,0,0,1,17.22,21.21,35,15.0013,39,69,108
1320,2011-03-19 21:00:00,1,0,0,1,16.4,20.455,37,19.9995,20,73,93
1321,2011-03-19 22:00:00,1,0,0,1,16.4,20.455,37,22.0028,27,45,72
1322,2011-03-19 23:00:00,1,0,0,1,15.58,19.695,40,19.9995,13,37,50
